id,code_INSEE,tens_vap_med,surface_parcourue_m2
1,43192,8.1,72000
2,15095,9.4,150000
3,15205,7.6,300000
4,15187,8.7,70000
5,15029,9.65,80000
6,15229,8.3,50000
7,12099,10.6,75000
8,12240,9.65,75000
9,15038,7.3,180000
10,15015,9.4,50000
11,38138,10.2,50000
12,58003,9.6,70000
13,12096,10.4,50000
14,12147,9.55,50000
15,15166,10.1,50000
16,15083,9.4,60000
17,38523,11.0,50000
18,12130,10.1,650000
19,15207,3.6,100000
20,97411,20.75,150000
21,97411,20.75,85000
22,40184,12.7,162907
23,40040,11.2,153000
24,33329,12.4,119800
25,16384,11.4,50000
26,34235,9.6,74000
27,34178,11.1,83300
28,2B251,12.6,200000
29,4093,8.8,182000
30,66072,7.15,50000
31,30090,9.6,102800
32,7194,12.1,86000
33,7114,8.3,120000
34,7263,9.6,166000
35,34316,10.7,55000
36,34016,10.95,150000
37,34286,10.7,100000
38,34341,11.9,101100
39,4229,9.1,68000
40,11251,11.7,64200
41,34143,11.9,320000
42,34286,10.7,190200
43,7202,9.7,450000
44,7136,8.5,76000
45,6042,7.1,518181
46,6116,7.7,120500
47,2B049,11.9,50000
48,48119,8.5,50000
49,66179,9.65,70000
50,66016,12.3,50000
51,7045,9.7,590000
52,5033,8.7,223300
53,7153,9.5,114000
54,11265,8.5,53200
55,83007,11.3,50000
56,48022,8.8,60000
57,48097,9.2,50000
58,48186,8.8,60000
59,30062,12.3,70606
60,4039,7.75,50000
61,83114,10.7,60475
62,34169,10.9,76600
63,7147,9.7,80000
64,2A324,9.25,153000
65,2A139,12.2,147300
66,2B096,4.9,70000
67,2B080,10.9,260200
68,66207,10.95,100000
69,66056,10.95,50000
70,66088,11.2,70000
71,2B058,12.55,50000
72,34339,11.0,140000
73,83150,10.2,50000
74,2B185,12.3,60000
75,2B079,11.4,185100
76,2B110,10.9,150067
77,11097,10.6,267000
78,66004,6.9,300000
79,66021,12.1,100000
80,2B112,12.6,650000
81,11396,11.2,672258
82,11069,11.4,95300
83,4070,9.3,50000
84,2B185,12.3,59000
85,34038,10.5,130000
86,48070,7.3,350000
87,2B185,12.3,60000
88,2B185,12.3,60000
89,2B049,11.9,60000
90,13067,11.8,74000
91,13001,10.85,180000
92,11262,12.1,582300
93,34186,10.7,52000
94,11285,12.1,71100
95,34032,11.8,54000
96,2B185,12.3,90000
97,7038,9.7,500000
98,7147,9.7,80000
99,48148,10.1,50000
100,66137,11.0,120000
101,34165,11.9,414500
102,66141,11.4,140000
103,66069,11.4,50000
104,83099,12.5,254000
105,34061,11.1,230000
106,66030,10.95,50000
107,66214,11.8,160000
108,66005,6.85,630000
109,66088,11.2,50000
110,66227,11.4,150000
111,11397,11.7,143800
112,66147,6.85,50000
113,4163,8.5,297000
114,4156,9.2,264000
115,13112,10.8,320000
116,5024,9.5,400000
117,7210,9.6,70000
118,2A004,12.9,438000
119,2A004,12.9,50000
120,66150,7.05,90000
121,7266,9.7,230000
122,6057,9.4,52400
123,22233,11.5,200000
124,17110,11.4,90000
125,12275,10.5,120000
126,43220,8.3,124000
127,65066,9.15,500000
128,82038,11.1,70000
129,33230,11.4,344800
130,24263,11.1,220000
131,34305,10.9,104300
132,2B034,12.6,60000
133,2B350,12.8,60000
134,66048,12.3,300000
135,4023,8.7,153000
136,4023,8.7,87000
137,2B167,11.9,175800
138,30032,11.4,72745
139,2B185,12.3,118300
140,34218,11.0,58000
141,2B123,12.6,60000
142,2B185,12.3,144800
143,30032,11.4,62659
144,11122,11.8,153000
145,66186,12.1,70000
146,2B123,12.6,60000
147,2B350,12.8,557600
148,2B205,13.3,99200
149,34323,11.0,65200
150,30033,10.85,146571
151,34147,11.1,78000
152,2B337,11.4,230500
153,66205,10.5,190000
154,2B187,13.3,50000
155,2B143,13.3,80000
156,2B185,12.3,111400
157,2B298,12.3,50000
158,2B185,12.3,60000
159,34281,10.95,681500
160,7334,10.4,300000
161,34026,12.7,220000
162,66145,11.8,70000
163,11262,12.1,916000
164,2B188,12.3,87000
165,2B287,8.9,560000
166,66016,12.3,50000
167,2B167,11.9,60000
168,66136,11.4,60000
169,13002,10.4,114000
170,2B049,11.9,384300
171,2B184,12.55,156900
172,2B043,12.95,191200
173,11269,12.1,51800
174,34289,11.4,78400
175,34168,11.0,54000
176,6153,4.6,57500
177,13065,11.8,63000
178,2B188,12.3,70000
179,83140,10.05,110000
180,4217,9.4,135600
181,66080,5.0,50000
182,65352,10.1,150000
183,15251,8.3,60000
184,15149,8.6,60000
185,41018,12.0,50000
186,33095,11.0,270000
187,33095,11.0,1000000
188,33212,11.9,60000
189,40046,12.05,105000
190,40244,12.2,280000
191,6074,7.8,700300
192,6082,7.1,172200
193,30105,8.4,119728
194,4097,9.3,52000
195,66190,12.1,200000
196,34061,11.1,105000
197,34158,12.7,60000
198,34045,11.0,81600
199,30091,12.3,294471
200,34170,11.0,92000
201,11296,12.7,50714
202,2B030,12.55,196367
203,2B183,12.55,305959
204,66190,12.1,60000
205,2B034,12.6,184082
206,11351,11.8,57902
207,2B314,8.9,683810
208,2B314,8.9,352974
209,34178,11.1,77000
210,34025,11.0,51000
211,2A272,12.4,90000
212,2A048,11.8,280000
213,2B037,12.8,140500
214,34302,12.7,122700
215,7322,9.7,60000
216,2B170,13.4,60000
217,2B316,12.6,95770
218,34113,11.9,365000
219,7003,9.6,50000
220,34123,12.0,605000
221,2A269,12.2,330000
222,34341,11.9,68000
223,2B283,12.6,304678
224,34302,12.7,195800
225,34116,10.9,70000
226,34074,11.1,230000
227,2B123,12.6,847798
228,11260,10.5,50700
229,34313,11.4,52000
230,2A048,11.8,61000
231,2A139,12.2,930000
232,2B079,11.4,174142
233,66108,10.95,200000
234,34226,11.0,130000
235,2A254,9.45,160000
236,2A004,12.9,109000
237,2B049,11.9,69664
238,2B287,8.9,98454
239,7210,9.6,300000
240,34225,11.1,58000
241,66072,7.15,100000
242,6132,10.5,78900
243,6013,7.9,77400
244,48172,9.2,172000
245,34045,11.0,75000
246,34190,12.7,77800
247,12094,9.65,60000
248,12226,9.65,50000
249,39086,9.5,50000
250,81004,11.1,110000
251,79280,11.0,208000
252,73019,5.0,190000
253,54305,9.6,120000
254,54490,9.4,270000
255,79168,11.25,140300
256,45092,10.7,110000
257,35152,11.2,60000
258,3004,11.1,281000
259,73211,6.2,150000
260,97417,21.6,164000
261,45032,10.7,310000
262,3006,11.1,50000
263,3217,10.5,91300
264,33300,12.0,190000
265,33422,11.9,67000
266,33238,12.1,70000
267,33229,11.85,50000
268,33104,12.05,680000
269,40332,12.5,90000
270,40167,12.1,220000
271,40149,11.0,58000
272,41043,11.6,70000
273,41130,11.5,110000
274,41186,11.3,50000
275,41087,11.9,80000
276,42326,8.15,230000
277,2B123,12.6,103518
278,11170,12.1,105836
279,2B320,13.3,322164
280,34286,10.7,184500
281,34319,11.0,710000
282,2B185,12.3,230000
283,2B201,13.3,62321
284,7323,11.4,151000
285,11315,11.2,85400
286,11386,10.5,54934
287,2B143,13.3,100350
288,11009,11.4,163000
289,7258,8.3,50000
290,84129,11.2,250000
291,2B079,11.4,125400
292,11259,11.4,299200
293,2B059,11.4,52292
294,26318,9.3,60000
295,34103,11.0,86200
296,34003,12.9,70000
297,34019,10.5,60150
298,34181,11.0,92500
299,2B095,9.2,113588
300,2B290,12.6,488130
301,2B185,12.3,78800
302,2B361,11.9,322405
303,34237,11.0,78000
304,30231,8.5,934600
305,48122,8.8,56500
306,48074,8.9,161000
307,34242,10.9,590000
308,83061,10.35,167300
309,66076,10.8,50000
310,66205,10.5,80000
311,66215,10.25,350000
312,66058,10.95,270000
313,66136,11.4,50000
314,66205,10.5,60000
315,84147,10.7,70000
316,2B080,10.9,56360
317,34302,12.7,185000
318,66030,10.95,82600
319,13005,11.2,92700
320,2A038,12.4,50400
321,66215,10.25,200000
322,34020,12.7,61000
323,2B341,9.7,480000
324,66008,12.3,141500
325,11198,11.2,58800
326,11022,12.7,250700
327,66127,11.5,80000
328,2B355,12.8,194784
329,11016,11.7,187100
330,66014,11.4,80000
331,30009,9.55,90800
332,30009,9.55,61500
333,2B096,4.9,115000
334,11018,11.4,52900
335,6162,9.1,217500
336,11285,12.1,55873
337,11276,10.5,50802
338,34339,11.0,121500
339,7112,9.6,380000
340,2A031,9.4,339000
341,48116,8.8,648000
342,48022,8.8,138000
343,4194,10.1,204800
344,6074,7.8,178700
345,6103,7.9,387400
346,7286,9.15,300000
347,2B337,11.4,53361
348,6074,7.8,73100
349,6074,7.8,82100
350,6132,10.5,89200
351,6023,10.5,59500
352,6103,7.9,102300
353,26113,9.9,73000
354,12163,9.3,200000
355,12082,9.55,70000
356,12076,9.65,50000
357,46183,10.4,220000
358,18219,10.9,93300
359,81066,10.05,800000
360,58081,10.7,80000
361,17038,11.4,104100
362,17074,11.8,52600
363,17110,11.4,220000
364,47234,11.6,50050
365,33273,11.9,80000
366,2B183,12.55,60000
367,2B281,12.95,200000
368,2B109,13.3,50000
369,6142,9.6,107161
370,48166,8.8,104100
371,48194,8.5,151100
372,84034,10.8,200000
373,6098,10.1,60324
374,6074,7.8,131743
375,2B159,12.55,83700
376,2B313,13.3,90000
377,34103,11.0,140300
378,34004,11.0,142600
379,7202,9.7,200000
380,6074,7.8,62601
381,34166,11.8,425000
382,11198,11.2,140300
383,2B096,4.9,248000
384,66143,10.85,600000
385,66030,10.95,50000
386,66030,10.95,200000
387,66140,10.95,150000
388,11308,11.4,144520
389,11273,12.7,185068
390,11099,11.4,829689
391,83069,13.15,73000
392,83064,12.1,75000
393,2B143,13.3,80000
394,13026,11.4,1000000
395,13056,12.4,460000
396,34032,11.8,87000
397,34225,11.1,51500
398,2B355,12.8,464200
399,66180,12.1,100000
400,66071,10.95,150000
401,11144,12.5,121304
402,48004,8.5,229000
403,11262,12.1,324079
404,34145,12.3,51700
405,34163,10.8,127500
406,11390,11.8,102861
407,2B320,13.3,51000
408,34148,11.1,101700
409,2B009,13.3,66000
410,2B185,12.3,97300
411,66106,11.0,400000
412,30181,11.1,52692
413,30141,11.1,102268
414,11162,11.9,74533
415,34285,11.4,287500
416,11022,12.7,90908
417,66164,11.4,500000
418,66205,10.5,331900
419,66212,12.1,150000
420,66008,12.3,50000
421,11148,11.8,211482
422,11361,11.9,52980
423,2B251,12.6,399600
424,13001,10.85,414600
425,66030,10.95,90000
426,13056,12.4,57600
427,13118,10.8,50900
428,13097,11.1,166400
429,2B105,10.9,80000
430,2B238,10.9,340039
431,2B009,13.3,88000
432,2B096,4.9,784900
433,2B148,12.8,100135
434,2B116,10.9,263500
435,84030,10.6,80000
436,2B148,12.8,53500
437,34073,11.8,67600
438,11286,11.2,263087
439,11410,11.2,107055
440,66030,10.95,80000
441,34291,9.3,230800
442,2B299,12.8,300000
443,34055,9.6,100000
444,34055,9.6,55000
445,66048,12.3,150000
446,66016,12.3,77000
447,2B140,11.4,98500
448,7018,8.0,240000
449,66192,6.9,80000
450,34235,9.6,396200
451,5164,7.5,60000
452,66190,12.1,535000
453,6103,7.9,323050
454,4193,4.2,81000
455,30154,9.3,65079
456,30169,11.0,85420
457,6049,8.5,72200
458,43171,8.3,100000
459,73235,9.1,74700
460,12168,9.55,100000
461,43155,8.3,50000
462,81163,10.05,50000
463,16061,11.1,150000
464,16255,10.9,70500
465,45015,10.8,150000
466,97410,16.7,50000
467,31573,13.0,100000
468,31085,9.9,60000
469,31222,9.9,120000
470,15156,9.4,60000
471,15149,8.6,60000
472,15113,7.6,100000
473,97415,14.7,96000
474,24465,12.0,55000
475,40167,12.1,60000
476,65045,10.1,300000
477,66069,11.4,100000
478,66016,12.3,200000
479,2A019,11.8,53000
480,6146,10.0,151250
481,2A041,14.1,84300
482,6077,7.8,79300
483,7153,9.5,213000
484,5038,5.7,233900
485,26354,9.05,55000
486,7141,9.0,124800
487,48165,8.2,60400
488,48020,8.5,199000
489,30190,9.3,239135
490,13039,11.1,53000
491,34237,11.0,185147
492,6074,7.8,233030
493,6157,13.2,61220
494,34103,11.0,67435
495,34183,11.1,80000
496,2B185,12.3,75000
497,13039,11.1,184270
498,34135,11.8,80000
499,2B123,12.6,280000
500,13098,12.0,143400
501,83101,12.7,156400
502,4020,9.3,57500
503,5101,3.3,100300
504,6157,13.2,342850
505,34214,11.0,93500
506,5108,7.5,144800
507,66053,12.3,50000
508,2B314,8.9,260000
509,34031,11.8,62000
510,2B079,11.4,75000
511,2B290,12.6,62000
512,2B355,12.8,200000
513,34013,11.4,71800
514,4160,9.4,79300
515,48100,8.5,50000
516,6050,8.5,80370
517,2A103,12.9,130000
518,2A198,10.25,50000
519,2A323,11.8,210000
520,6156,7.9,99010
521,2A215,13.1,51400
522,2B009,13.3,613700
523,2B143,13.3,382800
524,13072,10.7,964000
525,6034,11.2,906980
526,6130,9.2,154930
527,30189,10.7,103558
528,30351,11.1,174628
529,4020,9.3,577600
530,4218,8.1,84100
531,34166,11.8,119550
532,66138,11.4,70000
533,66024,11.8,60000
534,13047,11.1,58200
535,34116,10.9,68876
536,13001,10.85,138100
537,13047,11.1,725200
538,26022,8.5,120000
539,2A249,12.4,160000
540,2A017,12.9,610000
541,2A001,12.9,57635
542,2A004,12.9,50000
543,34181,11.0,57370
544,66130,7.15,50000
545,66003,10.9,50000
546,83119,13.2,70000
547,13077,12.0,336300
548,2B123,12.6,150000
549,30081,11.1,194649
550,6101,8.2,89033
551,30258,10.85,100000
552,2B277,12.6,50000
553,7251,9.6,96000
554,34076,11.4,74920
555,4024,9.3,216100
556,2B039,11.4,108333
557,4171,9.1,135600
558,84084,9.8,660000
559,84050,10.0,180300
560,34341,11.9,52321
561,4070,9.3,115700
562,30105,8.4,100000
563,83061,10.35,347000
564,2B292,10.9,210500
565,2B292,10.9,255700
566,2B143,13.3,400000
567,13073,10.4,108900
568,34096,10.5,70466
569,7086,10.5,80000
570,26116,11.2,71000
571,2A345,11.8,77000
572,2A139,12.2,110400
573,34181,11.0,437143
574,13055,11.7,55000
575,6050,8.5,54150
576,34145,12.3,193045
577,34235,9.6,447964
578,2B079,11.4,99100
579,6077,7.8,116600
580,2B301,8.9,80000
581,83142,9.1,300000
582,34211,10.5,53170
583,34281,10.95,846900
584,34170,11.0,523700
585,6066,9.0,125140
586,34213,11.9,100530
587,2B116,10.9,97000
588,4008,7.7,208400
589,4148,7.7,120000
590,48008,7.3,135000
591,4120,4.3,767100
592,30085,11.1,110000
593,7139,9.6,133000
594,13038,11.4,223600
595,4023,8.7,398600
596,4139,10.9,152300
597,26123,8.5,68000
598,66014,11.4,180000
599,48130,8.5,168600
600,48096,8.4,147400
601,66066,6.85,60000
602,66011,11.8,350000
603,66108,10.95,50000
604,12076,9.65,120000
605,43082,8.3,76568
606,46176,10.4,70000
607,23062,10.75,300000
608,12025,10.6,50000
609,12228,10.4,80000
610,40243,12.0,78000
611,47215,11.4,80000
612,7012,8.5,50000
613,83059,12.1,110000
614,34213,11.9,113330
615,34032,11.8,90429
616,66190,12.1,100000
617,2B055,12.3,100000
618,2B123,12.6,50000
619,30042,10.4,100023
620,34165,11.9,153404
621,34232,11.1,50420
622,34036,10.7,58132
623,2B123,12.6,100700
624,2B009,13.3,90000
625,34281,10.95,75019
626,2A284,11.4,50000
627,13071,11.4,123300
628,34121,9.9,257367
629,34226,11.0,119651
630,48115,8.5,134700
631,2B318,12.8,880000
632,34165,11.9,85968
633,34165,11.9,359700
634,34332,11.8,507900
635,66136,11.4,60000
636,66190,12.1,55000
637,66228,11.4,59700
638,2B201,13.3,70000
639,48162,8.8,80000
640,66065,12.1,60000
641,66190,12.1,150000
642,34286,10.7,79210
643,34200,10.5,121077
644,6062,9.1,90000
645,6074,7.8,173400
646,38140,6.6,140000
647,39557,9.5,50000
648,39478,8.6,200000
649,39289,9.5,75000
650,43012,8.9,117175
651,21037,9.7,95448
652,65428,10.1,1000000
653,65032,10.1,100000
654,55574,9.5,300000
655,39377,10.3,110000
656,21694,10.2,74900
657,21309,10.7,160000
658,52205,10.4,600000
659,49154,11.0,90000
660,49180,11.0,70000
661,58087,10.4,86647
662,31334,11.5,300000
663,31451,11.4,50000
664,81016,12.0,120000
665,23067,9.3,100000
666,23067,9.3,50000
667,58226,9.6,97104
668,12090,9.9,90000
669,79153,12.6,200000
670,50403,11.3,400000
671,3055,10.1,740000
672,64255,11.9,100000
673,64276,12.9,80000
674,64124,11.6,950000
675,64504,12.6,200000
676,64477,11.6,190000
677,64342,8.35,100000
678,64218,11.6,50000
679,64218,11.6,50005
680,64298,8.35,60000
681,24222,12.0,60000
682,24218,10.8,50000
683,33498,11.95,320000
684,33498,11.95,50000
685,33251,11.8,150000
686,47186,12.1,50000
687,38294,10.2,79000
688,1037,10.75,100000
689,41275,11.3,190000
690,41041,11.7,600000
691,41250,11.9,82000
692,41248,11.7,80300
693,41088,11.3,201000
694,4074,9.3,99000
695,48119,8.5,72300
696,6013,7.9,50000
697,7077,9.9,50000
698,34007,11.0,256785
699,34235,9.6,78396
700,6148,11.2,734000
701,83069,13.15,116000
702,2A272,12.4,73800
703,2B002,12.6,165000
704,34093,10.5,124100
705,2B050,11.9,150000
706,13117,11.4,80000
707,13117,11.4,50000
708,83003,9.1,380000
709,83082,9.1,50000
710,4045,10.0,79700
711,34341,11.9,55253
712,83137,12.6,100000
713,34095,12.0,622900
714,4004,9.4,527700
715,34143,11.9,121109
716,34213,11.9,171261
717,48065,8.5,139500
718,48194,8.5,114270
719,83153,12.5,175200
720,34015,11.0,122869
721,34268,10.7,149615
722,66156,10.25,670000
723,34145,12.3,52989
724,4113,9.3,287800
725,84035,11.05,130300
726,2B079,11.4,120000
727,34056,11.4,85000
728,5123,8.1,70400
729,34166,11.8,206119
730,30093,10.1,74723
731,83107,12.5,50000
732,13103,10.8,82100
733,13106,11.5,104400
734,2B185,12.3,50000
735,2B222,11.4,100000
736,34329,11.8,55176
737,34017,11.4,252400
738,2B143,13.3,219200
739,34205,9.9,112742
740,26300,8.5,57300
741,34235,9.6,189162
742,34281,10.95,326900
743,2B105,10.9,71400
744,34308,10.5,52731
745,34168,11.0,111935
746,2A048,11.8,83000
747,30190,9.3,87701
748,34045,11.0,57257
749,2B355,12.8,566000
750,2A326,9.4,710000
751,2A272,12.4,208000
752,66134,11.8,50000
753,66212,12.1,150000
754,66182,12.1,50000
755,34210,11.4,56401
756,66205,10.5,80000
757,84089,10.7,212100
758,4144,12.75,150600
759,34281,10.95,388500
760,66145,11.8,50000
761,66008,12.3,300000
762,66227,11.4,365000
763,66168,11.0,100000
764,66108,10.95,880000
765,66224,12.1,180000
766,7098,9.6,70000
767,2B281,12.95,996300
768,66088,11.2,50000
769,66016,12.3,330000
770,6070,7.9,80000
771,34165,11.9,154537
772,4204,7.75,197300
773,6074,7.8,370000
774,6153,4.6,342100
775,7121,8.0,90000
776,48198,8.5,100000
777,48015,9.7,85000
778,48061,8.8,57700
779,48166,8.8,143500
780,48162,8.8,220000
781,43246,10.4,100000
782,82131,12.6,80000
783,2305,10.5,100000
784,82187,11.1,700000
785,89021,10.4,370000
786,58107,9.1,216242
787,46072,10.6,120000
788,43156,7.3,62000
789,58270,10.5,75250
790,89044,10.4,50000
791,89419,10.6,72000
792,3217,10.5,250000
793,3155,10.5,55000
794,45315,10.5,50500
795,45098,10.2,100000
796,77186,10.35,50000
797,87064,9.8,140000
798,97408,18.9,108106
799,31581,12.5,200000
800,79246,11.4,80000
801,79154,12.6,70000
802,15038,7.3,50000
803,15250,8.95,180000
804,24485,11.0,80000
805,24294,12.0,50000
806,64067,11.8,71000
807,64223,8.5,700000
808,64559,12.05,50000
809,40296,11.7,60000
810,40319,11.9,120000
811,40006,11.9,50000
812,40060,12.1,84391
813,33029,11.8,125500
814,33202,11.8,214300
815,33202,11.8,362600
816,33029,11.8,212400
817,33233,11.4,60000
818,33202,11.8,50000
819,48098,8.5,93400
820,2B315,10.9,110000
821,2B002,12.6,898200
822,30089,11.4,86050
823,34143,11.9,135801
824,34197,11.0,517100
825,2B079,11.4,322600
826,13077,12.0,62000
827,34226,11.0,295700
828,26200,8.5,104200
829,2B242,12.8,196800
830,6130,9.2,392700
831,6070,7.9,195400
832,7315,9.5,200000
833,2B112,12.6,194400
834,34016,10.95,67959
835,2B224,12.55,741300
836,4094,9.6,74800
837,4199,10.9,351400
838,2B145,12.8,50000
839,2B192,12.8,200000
840,66119,9.4,150000
841,34032,11.8,236085
842,5055,8.2,628500
843,4070,9.3,55900
844,66069,11.4,50000
845,30129,10.4,130605
846,30169,11.0,409541
847,30339,9.3,663168
848,2A004,12.9,100000
849,2A017,12.9,120000
850,83003,9.1,311000
851,2A031,9.4,56038
852,2B275,10.9,121520
853,34147,11.1,56520
854,30017,9.55,89533
855,13081,11.4,87400
856,13077,12.0,832200
857,13118,10.8,117300
858,13005,11.2,91600
859,13117,11.4,313100
860,34232,11.1,69471
861,48119,8.5,180100
862,30339,9.3,104450
863,2B051,10.9,50000
864,7115,11.1,50000
865,13033,11.4,53600
866,4170,10.1,58800
867,4013,9.2,92500
868,66017,12.1,100000
869,66172,11.4,80000
870,66071,10.95,286300
871,66093,11.0,80000
872,66176,12.1,200000
873,66049,10.9,50000
874,66030,10.95,110000
875,66015,11.8,50000
876,2B063,10.9,250000
877,34061,11.1,79565
878,2A323,11.8,70000
879,48116,8.8,819600
880,48178,9.2,77400
881,6103,7.9,95000
882,6103,7.9,112000
883,17240,11.8,150000
884,97415,14.7,140594
885,87150,10.5,100000
886,97415,14.7,384400
887,89368,10.6,50000
888,63006,8.3,90000
889,63006,8.3,80000
890,12094,9.65,60000
891,12155,9.55,60000
892,40184,12.7,600000
893,33436,11.8,50000
894,33376,12.1,50000
895,34214,11.0,216018
896,34040,10.5,97834
897,34341,11.9,221628
898,2B355,12.8,489000
899,34092,11.0,60755
900,6163,9.1,420000
901,48075,8.2,62600
902,48168,8.2,75000
903,48119,8.5,114700
904,7251,9.6,57000
905,84079,8.5,308100
906,7187,9.0,165000
907,5077,4.0,55000
908,2B355,12.8,80000
909,2B213,10.9,50000
910,34135,11.8,340439
911,34206,11.1,560104
912,34135,11.8,188475
913,13007,14.2,803300
914,66069,11.4,100000
915,66174,10.95,70000
916,2A004,12.9,54000
917,66148,12.3,329600
918,83124,10.1,70000
919,2B150,11.9,52500
920,30193,11.1,54503
921,2B185,12.3,105050
922,6157,13.2,89000
923,2A006,12.9,70000
924,2B190,12.6,65000
925,66121,11.2,963400
926,66012,11.4,304530
927,66048,12.3,99300
928,34328,10.95,69781
929,2B143,13.3,100000
930,34180,11.4,134100
931,34007,11.0,67160
932,34017,11.4,143957
933,34183,11.1,464040
934,2A017,12.9,357000
935,2A209,11.8,78000
936,66190,12.1,170000
937,66205,10.5,902900
938,6073,4.6,98000
939,48075,8.2,154800
940,13056,12.4,59000
941,2B235,12.6,100000
942,2B333,12.3,170000
943,2B143,13.3,334500
944,34268,10.7,153388
945,34045,11.0,278905
946,34213,11.9,61647
947,34036,10.7,113183
948,66002,12.1,75000
949,34332,11.8,70550
950,2A006,12.9,157305
951,34093,10.5,72005
952,34135,11.8,378600
953,34186,10.7,68072
954,34056,11.4,80994
955,34165,11.9,445051
956,34178,11.1,54906
957,2A200,9.4,184200
958,2B289,11.2,106000
959,2B079,11.4,70000
960,2B343,12.8,80000
961,34144,10.5,77012
962,15081,7.6,50000
963,15045,8.4,150000
964,21582,10.2,75000
965,46040,10.7,200000
966,81243,11.1,849600
967,81325,12.0,122000
968,81073,11.5,500000
969,15106,8.6,250000
970,41275,11.3,300000
971,58102,11.0,60000
972,58304,10.5,50100
973,46079,10.7,90000
974,54244,10.1,120000
975,81027,12.0,110000
976,43157,8.45,98500
977,54156,10.1,60500
978,42021,10.7,200000
979,35211,11.5,100000
980,58102,11.0,260000
981,60182,10.5,500000
982,97606,28.0,70000
983,97603,28.0,50000
984,27209,10.9,800000
985,97423,17.3,55342
986,56233,12.6,50000
987,56054,13.8,340000
988,56132,11.1,150000
989,56126,11.6,200000
990,61413,10.3,100000
991,61117,10.4,200000
992,61475,10.5,600000
993,61435,10.3,100000
994,61230,10.6,150000
995,61346,10.75,350000
996,61397,10.4,150000
997,61490,10.5,110000
998,61040,10.4,50000
999,61329,12.7,200000
1000,61145,11.0,100000
1001,61407,11.55,100000
1002,61026,10.6,160000
1003,61263,10.4,50000
1004,61206,10.3,50000
1005,61020,12.75,100000
1006,61092,10.3,205000
1007,61460,11.15,200000
1008,61447,10.4,200000
1009,61037,12.7,200000
1010,61061,10.0,150000
1011,61230,10.6,1000000
1012,61418,10.5,100000
1013,61429,10.3,100000
1014,61440,10.3,100000
1015,61067,10.6,400000
1016,61440,10.3,100000
1017,61461,11.15,80000
1018,61240,10.3,100000
1019,61024,10.4,100000
1020,61067,10.6,50000
1021,61486,10.4,350000
1022,61158,11.1,400000
1023,61145,11.0,50000
1024,61050,10.6,100000
1025,61248,11.0,50000
1026,61309,10.6,60000
1027,61421,11.0,100000
1028,61375,12.75,400000
1029,61081,10.9,100000
1030,61457,10.3,150000
1031,61445,10.4,300000
1032,61050,10.6,250000
1033,61193,10.3,300000
1034,61234,10.4,200000
1035,61002,10.3,100000
1036,61244,10.5,50000
1037,12225,9.2,62000
1038,12291,9.2,155000
1039,38545,6.5,165800
1040,12163,9.3,307000
1041,12003,10.7,64400
1042,12037,10.4,60000
1043,38527,3.8,150000
1044,65295,4.4,400000
1045,79111,12.6,311000
1046,79195,11.0,129000
1047,79016,11.1,129000
1048,47039,11.6,228000
1049,24354,11.4,597000
1050,24273,11.1,122000
1051,24165,12.0,50000
1052,24165,12.0,80000
1053,40053,11.7,60000
1054,40287,11.9,169660
1055,40307,12.1,168180
1056,40142,12.0,258000
1057,40167,12.1,184110
1058,40142,12.0,326000
1059,40087,11.7,85990
1060,40123,12.2,459000
1061,40217,12.05,118000
1062,64233,11.2,100000
1063,64217,12.9,150000
1064,33021,12.1,105000
1065,33348,12.2,194000
1066,33544,12.2,50000
1067,33322,12.1,50000
1068,41193,10.7,80000
1069,41193,10.7,80000
1070,86086,11.0,51500
1071,2B210,12.8,70000
1072,7202,9.7,214923
1073,2B135,12.6,50000
1074,2B007,6.2,493700
1075,2B207,12.8,222400
1076,2B095,9.2,321000
1077,34156,10.7,82618
1078,34279,11.1,63576
1079,2B235,12.6,350000
1080,2B290,12.6,80000
1081,2B145,12.8,190000
1082,5004,7.5,339545
1083,5090,7.6,446427
1084,7093,9.6,170980
1085,2B290,12.6,112000
1086,2B223,10.9,56000
1087,6153,4.6,396400
1088,4019,7.0,350000
1089,4170,10.1,867100
1090,13005,11.2,120000
1091,30325,9.7,190184
1092,83044,9.1,273000
1093,4018,9.4,59700
1094,2A117,10.0,73000
1095,2A031,9.4,77000
1096,34214,11.0,97231
1097,48119,8.5,80000
1098,48116,8.8,200000
1099,66127,11.5,80000
1100,2B046,12.55,339800
1101,2B184,12.55,96300
1102,2B058,12.55,239000
1103,2B301,8.9,116000
1104,13117,11.4,70000
1105,13044,10.8,50000
1106,66014,11.4,293800
1107,30041,10.75,179700
1108,30145,11.1,376800
1109,13067,11.8,99900
1110,48145,7.3,60000
1111,48049,9.2,50000
1112,48040,8.5,60000
1113,34118,10.9,329248
1114,34268,10.7,146953
1115,66093,11.0,101000
1116,26146,10.9,363463
1117,26295,11.5,110000
1118,2B314,8.9,350000
1119,2B354,9.25,261600
1120,2B123,12.6,57000
1121,2B029,12.3,53000
1122,2B143,13.3,730000
1123,2B123,12.6,235900
1124,2B009,13.3,300000
1125,2B341,9.7,50000
1126,2B352,12.6,81000
1127,83124,10.1,150000
1128,30319,10.75,772400
1129,66164,11.4,55000
1130,66041,11.4,66300
1131,66108,10.95,661500
1132,30169,11.0,138303
1133,34295,12.0,121971
1134,34285,11.4,116264
1135,7040,9.4,65000
1136,48146,8.2,370000
1137,48022,8.8,120000
1138,4179,8.7,210000
1139,2B079,11.4,148000
1140,2B341,9.7,300900
1141,2B007,6.2,219000
1142,2B314,8.9,300000
1143,34329,11.8,138560
1144,34221,10.95,154863
1145,34230,9.9,291900
1146,34162,11.4,130122
1147,6077,7.8,63000
1148,48148,10.1,150000
1149,66193,9.2,973700
1150,7330,10.8,732400
1151,7134,10.1,713800
1152,7077,9.9,180000
1153,83076,10.05,343300
1154,66214,11.8,50000
1155,34318,10.1,321000
1156,4086,7.0,97000
1157,4209,9.1,62300
1158,48028,8.8,290000
1159,34087,11.9,69233
1160,34209,11.8,115995
1161,48015,9.7,100000
1162,6002,7.3,120000
1163,2A099,9.4,51000
1164,7085,9.4,121000
1165,7129,9.4,105000
1166,30295,10.75,512700
1167,34235,9.6,71168
1168,34019,10.5,362900
1169,66141,11.4,58000
1170,13112,10.8,95400
1171,13056,12.4,83100
1172,13098,12.0,248600
1173,13106,11.5,349990
1174,13019,10.8,50000
1175,13097,11.1,948280
1176,4039,7.75,289400
1177,7161,9.7,248000
1178,7028,10.5,80000
1179,48050,8.8,60000
1180,11095,11.7,285519
1181,6163,9.1,68800
1182,6104,8.7,71000
1183,2B185,12.3,80000
1184,66046,10.8,811900
1185,66148,12.3,64000
1186,2B292,10.9,55000
1187,2B292,10.9,102070
1188,2B055,12.3,177900
1189,26367,10.5,200000
1190,11132,11.8,54800
1191,7315,9.5,50000
1192,84091,11.1,264600
1193,30337,11.1,54745
1194,2A031,9.4,50000
1195,4090,8.1,221200
1196,4061,6.5,105700
1197,2A024,9.45,387700
1198,6153,4.6,70000
1199,7226,8.1,94600
1200,7200,7.9,134800
1201,50041,11.4,390000
1202,50041,11.4,60000
