id,code_INSEE,nature_sec_inc,rr_med
1,43192,particulier,43.15
2,15095,travaux,153.8
3,15205,particulier,153.8
4,15187,particulier,55.7
5,15029,particulier,105.6
6,15229,NA,52.0
7,12099,particulier,64.5
8,12240,particulier,78.45
9,15038,NA,65.5
10,15015,NA,90.7
11,38138,NA,66.5
12,58003,travaux,96.3
13,12096,particulier,74.4
14,12147,particulier,64.5
15,15166,travaux,111.05
16,15083,travaux,98.1
17,38523,NA,80.4
18,12130,particulier,89.55
19,15207,travaux,52.0
20,97411,NA,128.0
21,97411,NA,128.0
22,40184,NA,40.85
23,40040,particulier,75.3
24,33329,travaux,66.05
25,16384,NA,61.5
26,34235,NA,52.5
27,34178,NA,37.3
28,2B251,NA,39.25
29,4093,particulier,57.05
30,66072,travaux,57.2
31,30090,particulier,104.95
32,7194,travaux,67.5
33,7114,travaux,66.0
34,7263,travaux,73.3
35,34316,travaux,36.0
36,34016,NA,32.9
37,34286,NA,73.05
38,34341,travaux,42.7
39,4229,travaux,63.85
40,11251,travaux,56.8
41,34143,NA,32.0
42,34286,NA,73.05
43,7202,particulier,97.55
44,7136,travaux,82.9
45,6042,travaux,62.95
46,6116,travaux,78.3
47,2B049,NA,63.6
48,48119,travaux,67.05
49,66179,travaux,66.7
50,66016,travaux,30.95
51,7045,NA,94.55
52,5033,particulier,63.8
53,7153,NA,103.9
54,11265,NA,69.65
55,83007,travaux,44.0
56,48022,travaux,72.0
57,48097,travaux,116.25
58,48186,particulier,72.0
59,30062,NA,41.0
60,4039,travaux,64.5
61,83114,NA,46.95
62,34169,particulier,44.0
63,7147,NA,97.55
64,2A324,NA,110.5
65,2A139,particulier,55.0
66,2B096,NA,277.0
67,2B080,NA,39.7
68,66207,NA,46.8
69,66056,NA,29.15
70,66088,particulier,22.35
71,2B058,travaux,40.85
72,34339,particulier,38.2
73,83150,travaux,41.4
74,2B185,NA,41.15
75,2B079,NA,42.3
76,2B110,NA,45.6
77,11097,travaux,50.35
78,66004,NA,48.2
79,66021,travaux,27.8
80,2B112,NA,55.4
81,11396,travaux,30.5
82,11069,NA,46.8
83,4070,particulier,47.5
84,2B185,NA,41.15
85,34038,particulier,65.8
86,48070,NA,71.0
87,2B185,NA,41.15
88,2B185,NA,41.15
89,2B049,NA,63.6
90,13067,NA,42.6
91,13001,NA,38.55
92,11262,NA,30.75
93,34186,travaux,52.7
94,11285,NA,30.75
95,34032,NA,48.05
96,2B185,NA,41.15
97,7038,NA,106.5
98,7147,NA,97.55
99,48148,particulier,91.4
100,66137,NA,49.2
101,34165,NA,42.7
102,66141,NA,29.25
103,66069,NA,29.25
104,83099,particulier,46.5
105,34061,NA,37.3
106,66030,NA,31.7
107,66214,NA,34.75
108,66005,particulier,57.2
109,66088,NA,22.35
110,66227,NA,28.95
111,11397,particulier,45.8
112,66147,NA,66.5
113,4163,travaux,68.2
114,4156,travaux,48.85
115,13112,NA,38.45
116,5024,NA,74.6
117,7210,particulier,89.5
118,2A004,NA,52.05
119,2A004,NA,52.05
120,66150,travaux,75.5
121,7266,particulier,81.05
122,6057,travaux,58.4
123,22233,NA,59.75
124,17110,NA,53.0
125,12275,travaux,76.95
126,43220,particulier,57.5
127,65066,travaux,64.2
128,82038,NA,68.3
129,33230,travaux,53.0
130,24263,NA,69.3
131,34305,travaux,116.05
132,2B034,particulier,39.3
133,2B350,NA,46.5
134,66048,NA,30.95
135,4023,travaux,61.3
136,4023,travaux,61.3
137,2B167,NA,55.4
138,30032,NA,44.5
139,2B185,NA,41.15
140,34218,travaux,39.6
141,2B123,NA,38.5
142,2B185,NA,41.15
143,30032,NA,44.5
144,11122,particulier,41.35
145,66186,NA,28.95
146,2B123,NA,38.5
147,2B350,NA,46.5
148,2B205,travaux,63.55
149,34323,NA,51.7
150,30033,NA,53.0
151,34147,particulier,34.8
152,2B337,NA,38.75
153,66205,NA,31.7
154,2B187,NA,40.85
155,2B143,NA,41.0
156,2B185,NA,41.15
157,2B298,NA,22.95
158,2B185,NA,41.15
159,34281,NA,38.1
160,7334,travaux,68.0
161,34026,NA,38.1
162,66145,particulier,22.75
163,11262,NA,30.75
164,2B188,NA,41.15
165,2B287,NA,48.4
166,66016,travaux,30.95
167,2B167,particulier,55.4
168,66136,NA,29.25
169,13002,NA,32.45
170,2B049,NA,63.6
171,2B184,travaux,40.85
172,2B043,NA,49.55
173,11269,particulier,32.15
174,34289,NA,33.2
175,34168,NA,40.25
176,6153,NA,60.8
177,13065,NA,39.7
178,2B188,NA,41.15
179,83140,particulier,46.7
180,4217,travaux,66.0
181,66080,travaux,30.0
182,65352,travaux,67.8
183,15251,NA,81.1
184,15149,travaux,90.4
185,41018,NA,52.8
186,33095,NA,66.05
187,33095,particulier,66.05
188,33212,particulier,60.5
189,40046,travaux,61.2
190,40244,particulier,94.65
191,6074,NA,63.4
192,6082,particulier,62.95
193,30105,NA,92.6
194,4097,travaux,58.1
195,66190,particulier,27.8
196,34061,travaux,37.3
197,34158,NA,53.2
198,34045,particulier,51.7
199,30091,NA,46.85
200,34170,particulier,32.15
201,11296,particulier,33.05
202,2B030,NA,81.25
203,2B183,NA,40.85
204,66190,particulier,27.8
205,2B034,travaux,39.3
206,11351,particulier,36.25
207,2B314,travaux,48.4
208,2B314,travaux,48.4
209,34178,particulier,37.3
210,34025,travaux,48.05
211,2A272,travaux,48.2
212,2A048,NA,37.6
213,2B037,particulier,40.7
214,34302,NA,36.4
215,7322,NA,102.0
216,2B170,NA,74.3
217,2B316,NA,42.1
218,34113,particulier,42.7
219,7003,particulier,94.25
220,34123,particulier,46.45
221,2A269,particulier,47.7
222,34341,NA,42.7
223,2B283,particulier,47.7
224,34302,NA,36.4
225,34116,NA,46.45
226,34074,particulier,33.7
227,2B123,NA,38.5
228,11260,NA,53.7
229,34313,particulier,38.65
230,2A048,NA,37.6
231,2A139,NA,55.0
232,2B079,NA,42.3
233,66108,travaux,32.35
234,34226,particulier,39.6
235,2A254,NA,86.55
236,2A004,NA,52.05
237,2B049,NA,63.6
238,2B287,NA,48.4
239,7210,travaux,89.5
240,34225,NA,28.5
241,66072,travaux,57.2
242,6132,NA,70.6
243,6013,NA,72.0
244,48172,travaux,57.5
245,34045,travaux,51.7
246,34190,NA,38.1
247,12094,particulier,86.9
248,12226,particulier,86.9
249,39086,NA,120.75
250,81004,NA,28.2
251,79280,travaux,49.45
252,73019,travaux,84.6
253,54305,NA,54.05
254,54490,travaux,54.05
255,79168,travaux,49.45
256,45092,NA,53.8
257,35152,travaux,61.0
258,3004,travaux,75.5
259,73211,NA,126.35
260,97417,NA,293.0
261,45032,travaux,58.5
262,3006,particulier,96.7
263,3217,travaux,54.1
264,33300,NA,62.0
265,33422,NA,65.25
266,33238,NA,39.7
267,33229,NA,35.95
268,33104,NA,75.5
269,40332,particulier,89.4
270,40167,travaux,75.15
271,40149,particulier,62.6
272,41043,NA,54.0
273,41130,NA,49.3
274,41186,NA,52.5
275,41087,NA,57.6
276,42326,NA,67.4
277,2B123,particulier,38.5
278,11170,particulier,24.5
279,2B320,NA,41.0
280,34286,particulier,73.05
281,34319,particulier,40.25
282,2B185,NA,41.15
283,2B201,travaux,44.2
284,7323,NA,65.45
285,11315,NA,30.5
286,11386,NA,34.4
287,2B143,NA,41.0
288,11009,travaux,49.75
289,7258,NA,72.0
290,84129,NA,51.0
291,2B079,NA,42.3
292,11259,particulier,60.8
293,2B059,NA,26.6
294,26318,particulier,52.5
295,34103,NA,48.7
296,34003,particulier,30.4
297,34019,travaux,76.95
298,34181,NA,40.25
299,2B095,NA,57.3
300,2B290,NA,39.3
301,2B185,NA,41.15
302,2B361,NA,55.4
303,34237,NA,34.0
304,30231,NA,102.0
305,48122,travaux,72.0
306,48074,travaux,67.7
307,34242,NA,62.5
308,83061,NA,61.8
309,66076,particulier,40.2
310,66205,NA,31.7
311,66215,NA,29.65
312,66058,NA,32.35
313,66136,NA,29.25
314,66205,NA,31.7
315,84147,particulier,45.0
316,2B080,NA,39.7
317,34302,NA,36.4
318,66030,NA,31.7
319,13005,NA,52.6
320,2A038,NA,38.8
321,66215,NA,29.65
322,34020,NA,38.1
323,2B341,particulier,132.1
324,66008,NA,33.2
325,11198,NA,30.5
326,11022,NA,36.4
327,66127,particulier,33.4
328,2B355,NA,46.5
329,11016,NA,56.8
330,66014,travaux,29.25
331,30009,travaux,85.7
332,30009,travaux,85.7
333,2B096,NA,277.0
334,11018,NA,50.45
335,6162,travaux,67.0
336,11285,NA,30.75
337,11276,travaux,31.7
338,34339,NA,38.2
339,7112,particulier,105.1
340,2A031,NA,120.5
341,48116,travaux,57.5
342,48022,travaux,72.0
343,4194,particulier,64.85
344,6074,NA,63.4
345,6103,NA,72.0
346,7286,travaux,86.5
347,2B337,travaux,38.75
348,6074,NA,63.4
349,6074,NA,63.4
350,6132,NA,70.6
351,6023,NA,61.15
352,6103,NA,72.0
353,26113,particulier,64.9
354,12163,NA,106.3
355,12082,travaux,68.45
356,12076,NA,71.25
357,46183,NA,68.2
358,18219,NA,62.0
359,81066,NA,71.6
360,58081,NA,69.7
361,17038,NA,53.0
362,17074,NA,68.75
363,17110,NA,53.0
364,47234,travaux,59.65
365,33273,NA,65.25
366,2B183,NA,40.85
367,2B281,NA,81.25
368,2B109,NA,63.55
369,6142,particulier,50.4
370,48166,particulier,65.95
371,48194,travaux,99.5
372,84034,NA,45.05
373,6098,particulier,64.85
374,6074,NA,63.4
375,2B159,NA,40.2
376,2B313,NA,46.8
377,34103,NA,48.7
378,34004,particulier,38.2
379,7202,travaux,97.55
380,6074,NA,63.4
381,34166,particulier,27.95
382,11198,NA,30.5
383,2B096,particulier,277.0
384,66143,travaux,39.4
385,66030,NA,31.7
386,66030,NA,31.7
387,66140,NA,30.0
388,11308,travaux,49.75
389,11273,NA,33.05
390,11099,NA,46.8
391,83069,particulier,44.0
392,83064,particulier,68.9
393,2B143,NA,41.0
394,13026,NA,34.25
395,13056,NA,15.5
396,34032,particulier,48.05
397,34225,NA,28.5
398,2B355,NA,46.5
399,66180,particulier,29.5
400,66071,NA,31.7
401,11144,particulier,22.9
402,48004,particulier,67.05
403,11262,NA,30.75
404,34145,NA,51.85
405,34163,particulier,46.45
406,11390,travaux,37.5
407,2B320,NA,41.0
408,34148,NA,43.0
409,2B009,NA,38.0
410,2B185,NA,41.15
411,66106,particulier,66.5
412,30181,NA,57.3
413,30141,travaux,46.45
414,11162,travaux,60.0
415,34285,NA,39.45
416,11022,NA,36.4
417,66164,particulier,29.25
418,66205,NA,31.7
419,66212,NA,27.8
420,66008,NA,33.2
421,11148,NA,33.65
422,11361,travaux,55.8
423,2B251,NA,39.25
424,13001,NA,38.55
425,66030,NA,31.7
426,13056,NA,15.5
427,13118,particulier,38.45
428,13097,NA,39.7
429,2B105,NA,33.9
430,2B238,NA,45.6
431,2B009,NA,38.0
432,2B096,NA,277.0
433,2B148,NA,40.7
434,2B116,NA,33.9
435,84030,NA,43.6
436,2B148,particulier,40.7
437,34073,NA,27.95
438,11286,NA,30.5
439,11410,particulier,46.8
440,66030,NA,31.7
441,34291,NA,98.2
442,2B299,travaux,57.35
443,34055,travaux,85.4
444,34055,travaux,85.4
445,66048,travaux,30.95
446,66016,particulier,30.95
447,2B140,NA,48.4
448,7018,NA,106.5
449,66192,particulier,56.0
450,34235,NA,52.5
451,5164,particulier,50.9
452,66190,travaux,27.8
453,6103,NA,72.0
454,4193,particulier,55.5
455,30154,travaux,84.2
456,30169,NA,53.0
457,6049,NA,66.1
458,43171,particulier,53.0
459,73235,particulier,63.95
460,12168,NA,65.4
461,43155,particulier,53.0
462,81163,NA,94.15
463,16061,travaux,65.65
464,16255,travaux,71.5
465,45015,travaux,51.5
466,97410,NA,410.1
467,31573,NA,44.5
468,31085,travaux,106.45
469,31222,NA,77.2
470,15156,travaux,103.4
471,15149,travaux,90.4
472,15113,travaux,106.0
473,97415,NA,45.45
474,24465,travaux,63.5
475,40167,particulier,75.15
476,65045,travaux,80.45
477,66069,travaux,29.25
478,66016,NA,30.95
479,2A019,NA,70.5
480,6146,NA,62.95
481,2A041,NA,35.3
482,6077,travaux,73.35
483,7153,NA,103.9
484,5038,NA,68.45
485,26354,particulier,89.9
486,7141,NA,81.3
487,48165,travaux,94.3
488,48020,travaux,80.55
489,30190,travaux,103.5
490,13039,NA,35.8
491,34237,particulier,34.0
492,6074,NA,63.4
493,6157,travaux,59.1
494,34103,NA,48.7
495,34183,particulier,26.55
496,2B185,NA,41.15
497,13039,NA,35.8
498,34135,NA,23.0
499,2B123,NA,38.5
500,13098,NA,38.7
501,83101,travaux,50.85
502,4020,particulier,61.3
503,5101,particulier,66.8
504,6157,NA,59.1
505,34214,NA,34.0
506,5108,particulier,53.8
507,66053,particulier,30.95
508,2B314,NA,48.4
509,34031,NA,30.8
510,2B079,NA,42.3
511,2B290,NA,39.3
512,2B355,particulier,46.5
513,34013,travaux,48.7
514,4160,travaux,50.55
515,48100,travaux,54.9
516,6050,NA,66.1
517,2A103,particulier,70.55
518,2A198,NA,53.4
519,2A323,NA,57.05
520,6156,particulier,80.65
521,2A215,NA,41.8
522,2B009,NA,38.0
523,2B143,NA,41.0
524,13072,particulier,48.75
525,6034,particulier,47.1
526,6130,NA,70.2
527,30189,NA,74.5
528,30351,NA,51.0
529,4020,particulier,61.3
530,4218,travaux,87.85
531,34166,NA,27.95
532,66138,NA,29.25
533,66024,particulier,34.75
534,13047,NA,35.8
535,34116,NA,46.45
536,13001,particulier,38.55
537,13047,NA,35.8
538,26022,travaux,71.0
539,2A249,NA,38.8
540,2A017,NA,37.6
541,2A001,NA,58.8
542,2A004,particulier,52.05
543,34181,particulier,40.25
544,66130,travaux,49.15
545,66003,NA,54.2
546,83119,particulier,50.85
547,13077,NA,38.7
548,2B123,NA,38.5
549,30081,travaux,49.9
550,6101,travaux,64.85
551,30258,travaux,38.75
552,2B277,NA,64.5
553,7251,NA,73.3
554,34076,NA,36.0
555,4024,travaux,58.1
556,2B039,NA,42.3
557,4171,NA,74.75
558,84084,NA,75.5
559,84050,NA,46.75
560,34341,travaux,42.7
561,4070,NA,47.5
562,30105,NA,92.6
563,83061,particulier,61.8
564,2B292,NA,33.9
565,2B292,NA,33.9
566,2B143,NA,41.0
567,13073,NA,48.75
568,34096,NA,44.4
569,7086,travaux,61.9
570,26116,travaux,56.05
571,2A345,NA,57.0
572,2A139,NA,55.0
573,34181,NA,40.25
574,13055,NA,19.7
575,6050,particulier,66.1
576,34145,particulier,51.85
577,34235,NA,52.5
578,2B079,NA,42.3
579,6077,NA,73.35
580,2B301,NA,48.4
581,83142,NA,64.7
582,34211,travaux,57.95
583,34281,NA,38.1
584,34170,particulier,32.15
585,6066,particulier,63.8
586,34213,particulier,42.7
587,2B116,NA,33.9
588,4008,NA,83.4
589,4148,NA,62.5
590,48008,travaux,78.65
591,4120,travaux,74.6
592,30085,NA,51.1
593,7139,travaux,94.25
594,13038,travaux,42.95
595,4023,particulier,61.3
596,4139,travaux,63.85
597,26123,particulier,71.5
598,66014,travaux,29.25
599,48130,particulier,71.55
600,48096,NA,67.7
601,66066,travaux,49.15
602,66011,NA,28.95
603,66108,travaux,32.35
604,12076,NA,71.25
605,43082,NA,55.9
606,46176,NA,81.9
607,23062,NA,66.9
608,12025,travaux,58.5
609,12228,travaux,68.5
610,40243,travaux,77.6
611,47215,particulier,80.5
612,7012,travaux,53.0
613,83059,particulier,68.9
614,34213,particulier,42.7
615,34032,particulier,48.05
616,66190,NA,27.8
617,2B055,NA,52.3
618,2B123,NA,38.5
619,30042,NA,93.0
620,34165,NA,42.7
621,34232,particulier,39.6
622,34036,NA,36.0
623,2B123,NA,38.5
624,2B009,NA,38.0
625,34281,NA,38.1
626,2A284,particulier,54.05
627,13071,NA,40.9
628,34121,NA,78.8
629,34226,particulier,39.6
630,48115,particulier,103.9
631,2B318,NA,51.85
632,34165,NA,42.7
633,34165,NA,42.7
634,34332,travaux,27.95
635,66136,particulier,29.25
636,66190,particulier,27.8
637,66228,NA,22.75
638,2B201,NA,44.2
639,48162,travaux,65.95
640,66065,NA,28.95
641,66190,particulier,27.8
642,34286,travaux,73.05
643,34200,NA,55.0
644,6062,particulier,70.6
645,6074,NA,63.4
646,38140,NA,86.5
647,39557,NA,120.75
648,39478,travaux,190.9
649,39289,travaux,120.75
650,43012,travaux,50.5
651,21037,travaux,68.65
652,65428,travaux,80.45
653,65032,travaux,80.45
654,55574,travaux,71.4
655,39377,travaux,59.7
656,21694,particulier,73.75
657,21309,travaux,64.4
658,52205,travaux,74.45
659,49154,particulier,45.3
660,49180,travaux,47.65
661,58087,NA,68.0
662,31334,travaux,51.7
663,31451,particulier,65.2
664,81016,NA,95.0
665,23067,NA,82.25
666,23067,NA,82.25
667,58226,NA,72.75
668,12090,travaux,66.3
669,79153,travaux,64.0
670,50403,NA,65.25
671,3055,NA,60.8
672,64255,particulier,71.9
673,64276,particulier,108.3
674,64124,particulier,71.9
675,64504,particulier,98.5
676,64477,travaux,124.4
677,64342,travaux,100.85
678,64218,travaux,108.9
679,64218,travaux,108.9
680,64298,NA,127.1
681,24222,NA,55.75
682,24218,NA,86.6
683,33498,NA,35.95
684,33498,NA,35.95
685,33251,travaux,80.95
686,47186,NA,51.2
687,38294,travaux,66.5
688,1037,travaux,131.6
689,41275,travaux,51.5
690,41041,travaux,61.4
691,41250,travaux,58.5
692,41248,travaux,59.6
693,41088,travaux,48.5
694,4074,travaux,58.3
695,48119,travaux,67.05
696,6013,NA,72.0
697,7077,travaux,87.0
698,34007,travaux,37.0
699,34235,NA,52.5
700,6148,NA,61.5
701,83069,NA,44.0
702,2A272,NA,48.2
703,2B002,NA,38.5
704,34093,NA,59.7
705,2B050,particulier,42.6
706,13117,NA,34.25
707,13117,NA,34.25
708,83003,NA,60.0
709,83082,travaux,60.0
710,4045,NA,47.5
711,34341,NA,42.7
712,83137,NA,39.45
713,34095,particulier,42.7
714,4004,travaux,50.6
715,34143,particulier,32.0
716,34213,NA,42.7
717,48065,travaux,49.25
718,48194,travaux,99.5
719,83153,NA,39.45
720,34015,travaux,40.0
721,34268,NA,36.0
722,66156,travaux,61.7
723,34145,particulier,51.85
724,4113,particulier,47.5
725,84035,NA,44.3
726,2B079,NA,42.3
727,34056,travaux,30.8
728,5123,NA,75.5
729,34166,travaux,27.95
730,30093,NA,71.5
731,83107,particulier,46.5
732,13103,particulier,38.2
733,13106,particulier,40.9
734,2B185,NA,41.15
735,2B222,NA,52.55
736,34329,travaux,32.0
737,34017,NA,39.45
738,2B143,NA,41.0
739,34205,NA,82.0
740,26300,NA,71.5
741,34235,NA,52.5
742,34281,NA,38.1
743,2B105,NA,33.9
744,34308,NA,54.3
745,34168,NA,40.25
746,2A048,NA,37.6
747,30190,NA,103.5
748,34045,particulier,51.7
749,2B355,NA,46.5
750,2A326,travaux,60.5
751,2A272,NA,48.2
752,66134,NA,34.75
753,66212,NA,27.8
754,66182,NA,27.8
755,34210,NA,38.65
756,66205,NA,31.7
757,84089,NA,75.5
758,4144,travaux,74.75
759,34281,NA,38.1
760,66145,NA,22.75
761,66008,NA,33.2
762,66227,NA,28.95
763,66168,NA,44.55
764,66108,particulier,32.35
765,66224,NA,27.8
766,7098,travaux,85.0
767,2B281,NA,81.25
768,66088,travaux,22.35
769,66016,NA,30.95
770,6070,particulier,66.1
771,34165,NA,42.7
772,4204,travaux,74.75
773,6074,NA,63.4
774,6153,NA,60.8
775,7121,NA,79.0
776,48198,travaux,67.05
777,48015,travaux,81.05
778,48061,travaux,65.95
779,48166,travaux,65.95
780,48162,travaux,65.95
781,43246,particulier,55.35
782,82131,NA,60.7
783,2305,NA,58.85
784,82187,NA,69.4
785,89021,NA,64.45
786,58107,travaux,83.6
787,46072,travaux,53.8
788,43156,NA,65.8
789,58270,travaux,67.25
790,89044,NA,63.1
791,89419,travaux,57.0
792,3217,NA,54.1
793,3155,NA,52.6
794,45315,travaux,52.5
795,45098,particulier,42.0
796,77186,particulier,57.45
797,87064,NA,88.65
798,97408,NA,47.0
799,31581,NA,54.1
800,79246,NA,67.9
801,79154,travaux,64.0
802,15038,travaux,65.5
803,15250,travaux,98.8
804,24485,NA,66.8
805,24294,NA,67.5
806,64067,travaux,84.4
807,64223,travaux,122.8
808,64559,NA,102.6
809,40296,particulier,79.1
810,40319,NA,80.2
811,40006,NA,75.3
812,40060,NA,75.15
813,33029,NA,39.7
814,33202,NA,80.95
815,33202,NA,80.95
816,33029,NA,39.7
817,33233,NA,53.0
818,33202,NA,80.95
819,48098,particulier,103.9
820,2B315,NA,45.6
821,2B002,NA,38.5
822,30089,NA,44.5
823,34143,particulier,32.0
824,34197,NA,48.7
825,2B079,NA,42.3
826,13077,travaux,38.7
827,34226,NA,39.6
828,26200,NA,71.0
829,2B242,NA,46.8
830,6130,NA,70.2
831,6070,NA,66.1
832,7315,travaux,132.9
833,2B112,NA,55.4
834,34016,NA,32.9
835,2B224,NA,81.25
836,4094,travaux,40.4
837,4199,NA,71.0
838,2B145,NA,41.0
839,2B192,NA,46.5
840,66119,travaux,61.7
841,34032,NA,48.05
842,5055,NA,68.0
843,4070,NA,47.5
844,66069,NA,29.25
845,30129,NA,72.95
846,30169,NA,53.0
847,30339,travaux,103.5
848,2A004,NA,52.05
849,2A017,particulier,37.6
850,83003,travaux,60.0
851,2A031,travaux,120.5
852,2B275,NA,54.9
853,34147,NA,34.8
854,30017,particulier,88.1
855,13081,particulier,34.25
856,13077,NA,38.7
857,13118,particulier,38.45
858,13005,travaux,52.6
859,13117,particulier,34.25
860,34232,particulier,39.6
861,48119,NA,67.05
862,30339,travaux,103.5
863,2B051,NA,52.55
864,7115,particulier,66.25
865,13033,travaux,34.25
866,4170,travaux,64.85
867,4013,NA,67.9
868,66017,NA,29.5
869,66172,travaux,29.25
870,66071,NA,31.7
871,66093,NA,44.55
872,66176,particulier,27.8
873,66049,NA,45.2
874,66030,NA,31.7
875,66015,NA,34.75
876,2B063,NA,61.6
877,34061,NA,37.3
878,2A323,NA,57.05
879,48116,NA,57.5
880,48178,particulier,57.5
881,6103,NA,72.0
882,6103,NA,72.0
883,17240,travaux,68.75
884,97415,NA,45.45
885,87150,NA,73.0
886,97415,NA,45.45
887,89368,travaux,62.35
888,63006,travaux,89.7
889,63006,travaux,89.7
890,12094,NA,86.9
891,12155,travaux,77.0
892,40184,particulier,40.85
893,33436,NA,80.95
894,33376,NA,74.75
895,34214,travaux,34.0
896,34040,travaux,59.7
897,34341,travaux,42.7
898,2B355,NA,46.5
899,34092,NA,38.2
900,6163,travaux,65.15
901,48075,travaux,72.0
902,48168,travaux,60.25
903,48119,NA,67.05
904,7251,travaux,73.3
905,84079,particulier,55.0
906,7187,travaux,94.15
907,5077,particulier,52.95
908,2B355,NA,46.5
909,2B213,NA,48.3
910,34135,particulier,23.0
911,34206,NA,26.55
912,34135,NA,23.0
913,13007,particulier,117.25
914,66069,NA,29.25
915,66174,travaux,30.0
916,2A004,particulier,52.05
917,66148,travaux,30.95
918,83124,NA,61.75
919,2B150,NA,42.1
920,30193,travaux,56.95
921,2B185,NA,41.15
922,6157,particulier,59.1
923,2A006,NA,37.6
924,2B190,NA,39.3
925,66121,particulier,32.35
926,66012,travaux,29.25
927,66048,particulier,30.95
928,34328,NA,32.9
929,2B143,NA,41.0
930,34180,NA,47.3
931,34007,particulier,37.0
932,34017,NA,39.45
933,34183,particulier,26.55
934,2A017,NA,37.6
935,2A209,NA,57.05
936,66190,NA,27.8
937,66205,particulier,31.7
938,6073,NA,66.55
939,48075,NA,72.0
940,13056,particulier,15.5
941,2B235,NA,39.3
942,2B333,NA,41.15
943,2B143,NA,41.0
944,34268,NA,36.0
945,34045,NA,51.7
946,34213,NA,42.7
947,34036,NA,36.0
948,66002,NA,28.95
949,34332,particulier,27.95
950,2A006,particulier,37.6
951,34093,travaux,59.7
952,34135,NA,23.0
953,34186,NA,52.7
954,34056,NA,30.8
955,34165,NA,42.7
956,34178,NA,37.3
957,2A200,NA,117.0
958,2B289,NA,42.25
959,2B079,NA,42.3
960,2B343,NA,41.0
961,34144,travaux,65.8
962,15081,travaux,120.7
963,15045,travaux,74.7
964,21582,travaux,58.5
965,46040,NA,96.0
966,81243,travaux,74.4
967,81325,travaux,71.6
968,81073,NA,49.0
969,15106,particulier,103.35
970,41275,travaux,51.5
971,58102,particulier,52.0
972,58304,particulier,59.8
973,46079,particulier,75.5
974,54244,travaux,41.4
975,81027,NA,91.0
976,43157,NA,47.0
977,54156,NA,64.5
978,42021,travaux,40.4
979,35211,particulier,52.4
980,58102,particulier,52.0
981,60182,travaux,55.6
982,97606,travaux,72.4
983,97603,travaux,72.4
984,27209,NA,63.15
985,97423,NA,54.05
986,56233,particulier,61.5
987,56054,NA,61.5
988,56132,NA,64.4
989,56126,travaux,63.5
990,61413,NA,43.1
991,61117,NA,56.05
992,61475,NA,63.45
993,61435,NA,58.8
994,61230,NA,60.3
995,61346,NA,64.25
996,61397,NA,56.05
997,61490,NA,43.1
998,61040,NA,56.25
999,61329,NA,63.1
1000,61145,NA,64.65
1001,61407,NA,69.35
1002,61026,NA,60.3
1003,61263,NA,56.05
1004,61206,NA,57.9
1005,61020,NA,55.35
1006,61092,NA,49.9
1007,61460,NA,63.0
1008,61447,NA,69.35
1009,61037,NA,62.0
1010,61061,NA,62.9
1011,61230,NA,60.3
1012,61418,NA,77.7
1013,61429,NA,82.0
1014,61440,NA,53.95
1015,61067,NA,72.9
1016,61440,NA,53.95
1017,61461,NA,70.85
1018,61240,NA,57.0
1019,61024,NA,81.4
1020,61067,NA,72.9
1021,61486,NA,87.45
1022,61158,NA,70.55
1023,61145,NA,64.65
1024,61050,NA,77.7
1025,61248,NA,59.7
1026,61309,NA,63.1
1027,61421,NA,70.7
1028,61375,NA,52.5
1029,61081,NA,56.2
1030,61457,NA,54.9
1031,61445,NA,56.7
1032,61050,NA,77.7
1033,61193,NA,89.7
1034,61234,NA,56.05
1035,61002,NA,57.0
1036,61244,NA,63.5
1037,12225,NA,49.5
1038,12291,travaux,54.2
1039,38545,NA,59.7
1040,12163,NA,106.3
1041,12003,NA,89.55
1042,12037,NA,68.5
1043,38527,NA,93.4
1044,65295,NA,92.15
1045,79111,travaux,64.0
1046,79195,travaux,66.5
1047,79016,travaux,47.25
1048,47039,NA,64.0
1049,24354,NA,67.5
1050,24273,NA,63.6
1051,24165,NA,67.5
1052,24165,NA,67.5
1053,40053,particulier,56.9
1054,40287,NA,66.4
1055,40307,NA,78.7
1056,40142,NA,77.6
1057,40167,NA,75.15
1058,40142,travaux,77.6
1059,40087,NA,61.15
1060,40123,NA,94.65
1061,40217,NA,82.1
1062,64233,travaux,55.2
1063,64217,NA,100.2
1064,33021,NA,60.5
1065,33348,NA,62.0
1066,33544,NA,60.2
1067,33322,NA,74.75
1068,41193,travaux,61.4
1069,41193,travaux,61.4
1070,86086,travaux,50.8
1071,2B210,NA,41.0
1072,7202,particulier,97.55
1073,2B135,NA,64.5
1074,2B007,travaux,102.5
1075,2B207,NA,41.0
1076,2B095,NA,57.3
1077,34156,travaux,52.7
1078,34279,NA,41.6
1079,2B235,NA,39.3
1080,2B290,NA,39.3
1081,2B145,NA,41.0
1082,5004,NA,72.6
1083,5090,NA,74.35
1084,7093,particulier,94.25
1085,2B290,NA,39.3
1086,2B223,NA,42.0
1087,6153,travaux,60.8
1088,4019,particulier,31.25
1089,4170,NA,64.85
1090,13005,particulier,52.6
1091,30325,NA,63.0
1092,83044,particulier,64.7
1093,4018,particulier,65.25
1094,2A117,travaux,68.6
1095,2A031,travaux,120.5
1096,34214,travaux,34.0
1097,48119,travaux,67.05
1098,48116,travaux,57.5
1099,66127,travaux,33.4
1100,2B046,NA,40.2
1101,2B184,NA,40.85
1102,2B058,NA,40.85
1103,2B301,NA,48.4
1104,13117,NA,34.25
1105,13044,particulier,38.15
1106,66014,NA,29.25
1107,30041,particulier,47.95
1108,30145,NA,53.1
1109,13067,particulier,42.6
1110,48145,travaux,86.6
1111,48049,travaux,60.25
1112,48040,particulier,67.05
1113,34118,NA,73.4
1114,34268,NA,36.0
1115,66093,NA,44.55
1116,26146,NA,66.5
1117,26295,NA,61.0
1118,2B314,travaux,48.4
1119,2B354,NA,96.7
1120,2B123,NA,38.5
1121,2B029,NA,63.55
1122,2B143,particulier,41.0
1123,2B123,travaux,38.5
1124,2B009,travaux,38.0
1125,2B341,NA,132.1
1126,2B352,NA,39.3
1127,83124,travaux,61.75
1128,30319,travaux,49.2
1129,66164,NA,29.25
1130,66041,NA,31.7
1131,66108,NA,32.35
1132,30169,NA,53.0
1133,34295,NA,44.0
1134,34285,NA,39.45
1135,7040,NA,63.1
1136,48146,travaux,72.0
1137,48022,travaux,72.0
1138,4179,NA,66.0
1139,2B079,NA,42.3
1140,2B341,NA,132.1
1141,2B007,NA,102.5
1142,2B314,NA,48.4
1143,34329,NA,32.0
1144,34221,NA,43.5
1145,34230,NA,68.45
1146,34162,NA,39.45
1147,6077,NA,73.35
1148,48148,NA,91.4
1149,66193,particulier,43.2
1150,7330,NA,60.9
1151,7134,NA,74.1
1152,7077,NA,87.0
1153,83076,travaux,46.7
1154,66214,NA,34.75
1155,34318,particulier,55.9
1156,4086,particulier,48.85
1157,4209,particulier,62.25
1158,48028,NA,65.95
1159,34087,particulier,42.7
1160,34209,travaux,27.95
1161,48015,NA,81.05
1162,6002,NA,70.8
1163,2A099,NA,117.0
1164,7085,NA,66.5
1165,7129,NA,66.5
1166,30295,NA,51.1
1167,34235,NA,52.5
1168,34019,NA,76.95
1169,66141,NA,29.25
1170,13112,particulier,38.45
1171,13056,particulier,15.5
1172,13098,NA,38.7
1173,13106,NA,40.9
1174,13019,NA,38.2
1175,13097,NA,39.7
1176,4039,particulier,64.5
1177,7161,NA,94.55
1178,7028,NA,61.25
1179,48050,NA,65.95
1180,11095,particulier,41.35
1181,6163,travaux,65.15
1182,6104,travaux,53.0
1183,2B185,NA,41.15
1184,66046,NA,51.3
1185,66148,NA,30.95
1186,2B292,NA,33.9
1187,2B292,NA,33.9
1188,2B055,NA,52.3
1189,26367,NA,60.5
1190,11132,travaux,37.5
1191,7315,particulier,132.9
1192,84091,particulier,41.5
1193,30337,NA,51.1
1194,2A031,travaux,120.5
1195,4090,travaux,67.2
1196,4061,particulier,74.35
1197,2A024,NA,79.9
1198,6153,particulier,60.8
1199,7226,particulier,68.75
1200,7200,particulier,112.6
1201,50041,NA,84.85
1202,50041,NA,84.85
