id,code_INSEE,annee,mois,jour,heure,tmax_med
1,1037,2019,Feb,28,16,17.7
2,11009,2015,Jul,10,15,18.7
3,11016,2015,Sep,11,12,18.5
4,11018,2015,Sep,25,16,17.9
5,11022,2015,Aug,26,15,19.5
6,11022,2016,Aug,10,20,19.5
7,11069,2012,Jul,21,17,17.9
8,11095,2022,Aug,29,12,19.4
9,11097,2012,Jul,13,15,19.4
10,11099,2016,Jul,16,16,17.9
11,11122,2013,Aug,9,16,19.4
12,11132,2022,Nov,20,14,19.6
13,11144,2016,Jul,17,19,25.2
14,11148,2016,Aug,21,14,19.6
15,11162,2016,Aug,2,16,23.8
16,11170,2015,Jun,7,15,20.8
17,11198,2015,Aug,18,19,17.5
18,11198,2016,Jun,30,17,17.5
19,11251,2012,Feb,29,13,18.5
20,11259,2015,Jul,13,14,18.7
21,11260,2014,Sep,1,14,16.3
22,11262,2012,Aug,9,16,18.6
23,11262,2013,Sep,19,12,18.6
24,11262,2016,Jan,15,22,18.6
25,11265,2012,Mar,29,13,14.0
26,11269,2013,Mar,15,10,20.5
27,11273,2016,Jul,14,21,19.5
28,11276,2015,Oct,16,15,17.65
29,11285,2012,Aug,13,16,19.1
30,11285,2015,Oct,16,14,19.1
31,11286,2016,Sep,5,23,17.5
32,11296,2014,May,30,12,19.5
33,11308,2016,Jul,7,12,18.7
34,11315,2015,Jun,27,10,19.5
35,11351,2014,Jun,29,14,19.6
36,11361,2016,Aug,21,16,17.2
37,11386,2015,Jul,8,4,19.4
38,11390,2016,Feb,5,16,19.6
39,11396,2012,Jul,19,11,17.5
40,11397,2012,Sep,14,13,18.5
41,11410,2016,Sep,7,15,17.5
42,12003,2022,Aug,8,13,17.5
43,12025,2018,Aug,9,11,16.6
44,12037,2022,Sep,22,15,14.3
45,12076,2016,Aug,15,16,14.6
46,12076,2018,Feb,27,14,14.6
47,12082,2016,Jul,19,9,15.7
48,12090,2019,Jul,12,15,15.3
49,12094,2015,Feb,10,14,18.9
50,12094,2021,Feb,22,1,18.9
51,12096,2012,Mar,23,19,16.0
52,12099,2012,Mar,1,16,14.8
53,12130,2012,Mar,28,12,17.5
54,12147,2012,Mar,14,15,14.8
55,12155,2021,Mar,30,15,15.3
56,12163,2016,Feb,21,18,16.6
57,12163,2022,Jun,19,17,16.6
58,12168,2017,Mar,16,13,14.4
59,12225,2022,Mar,28,13,14.6
60,12226,2015,Mar,11,13,18.9
61,12228,2018,Jul,9,16,17.0
62,12240,2012,Mar,2,14,15.0
63,12275,2013,Jul,13,13,14.8
64,12291,2022,Jun,15,15,14.6
65,13001,2012,Jul,23,15,19.4
66,13001,2016,Aug,1,15,19.4
67,13001,2017,Aug,1,14,19.4
68,13002,2013,Oct,22,19,17.8
69,13005,2015,Aug,17,16,20.7
70,13005,2020,Aug,4,17,20.7
71,13005,2022,Mar,26,15,20.7
72,13007,2021,Apr,6,16,21.1
73,13019,2022,Aug,2,16,19.4
74,13026,2016,Jul,13,21,19.4
75,13033,2020,Sep,19,19,19.4
76,13038,2017,Oct,24,15,20.2
77,13039,2017,Jun,6,19,19.3
78,13039,2017,Jun,24,15,19.3
79,13044,2022,Jun,9,16,19.3
80,13047,2017,Aug,1,14,19.3
81,13047,2017,Jul,31,15,19.3
82,13055,2017,Jul,24,15,19.8
83,13056,2016,Aug,1,19,18.8
84,13056,2016,Jul,15,19,18.8
85,13056,2021,Jul,16,16,18.8
86,13056,2022,Jul,8,16,18.8
87,13065,2013,Dec,6,18,20.2
88,13067,2012,Jul,16,18,18.9
89,13067,2022,Jun,15,13,18.9
90,13071,2018,Sep,23,6,19.4
91,13072,2017,Jul,26,10,20.5
92,13073,2017,Sep,3,1,20.5
93,13077,2017,Aug,10,18,19.4
94,13077,2020,Aug,4,16,19.4
95,13077,2020,Jun,26,11,19.4
96,13081,2020,Aug,5,16,20.5
97,13097,2016,Aug,6,22,19.95
98,13097,2022,Aug,22,15,19.95
99,13098,2017,Jun,30,16,19.4
100,13098,2022,Jul,8,2,19.4
101,13103,2019,Aug,14,22,19.3
102,13106,2019,Sep,5,17,19.2
103,13106,2022,Jul,31,16,19.2
104,13112,2012,Sep,13,17,20.5
105,13112,2022,Jul,3,16,20.5
106,13117,2019,Jul,10,18,19.4
107,13117,2020,Aug,23,13,19.4
108,13117,2022,Jun,9,14,19.4
109,13118,2016,Aug,6,15,19.6
110,13118,2020,Aug,3,18,19.6
111,15015,2012,Mar,17,8,15.45
112,15029,2012,Mar,8,11,18.4
113,15038,2012,Mar,16,13,14.8
114,15038,2020,Apr,11,15,14.8
115,15045,2022,Feb,10,16,12.6
116,15081,2022,Jan,24,18,22.0
117,15083,2012,Mar,29,15,16.4
118,15095,2012,Feb,29,13,15.55
119,15106,2022,May,12,14,12.9
120,15113,2017,Apr,24,16,10.2
121,15149,2014,Mar,20,19,12.9
122,15149,2017,Apr,16,12,12.9
123,15156,2017,Apr,8,16,14.8
124,15166,2012,Mar,28,13,15.0
125,15187,2012,Mar,2,13,13.5
126,15205,2012,Mar,2,13,15.55
127,15207,2012,Apr,2,15,15.6
128,15229,2012,Mar,14,19,13.8
129,15250,2020,Aug,6,12,14.8
130,15251,2014,Mar,20,17,13.8
131,16061,2017,Jun,24,13,18.3
132,16255,2017,Jun,18,12,17.2
133,16384,2012,Jun,25,2,17.65
134,17038,2016,Aug,16,18,17.9
135,17074,2016,Sep,12,15,18.8
136,17110,2013,Jun,3,13,17.9
137,17110,2016,Sep,12,16,17.9
138,17240,2021,Apr,4,15,17.9
139,18219,2016,Aug,11,16,16.7
140,21037,2019,Apr,15,13,16.3
141,21309,2019,Jul,17,13,17.3
142,21582,2022,Mar,9,15,16.3
143,21694,2019,Jul,25,11,14.7
144,22233,2013,May,9,16,16.0
145,2305,2020,Jul,27,16,15.9
146,23062,2018,Oct,6,14,18.95
147,23067,2019,Sep,16,16,13.8
148,23067,2019,Sep,21,14,13.8
149,24165,2022,Aug,4,18,17.8
150,24165,2022,Aug,7,18,17.8
151,24218,2019,Mar,24,16,16.1
152,24222,2019,Apr,15,7,18.2
153,24263,2013,Mar,5,14,20.6
154,24273,2022,Aug,9,13,18.2
155,24294,2020,Sep,3,14,17.8
156,24354,2022,Aug,7,17,18.5
157,24465,2017,Apr,21,17,17.8
158,24485,2020,Jul,14,17,17.5
159,26022,2017,Jul,17,15,15.95
160,26113,2015,Mar,13,13,18.5
161,26116,2017,Sep,6,14,19.7
162,26123,2017,Oct,29,13,15.0
163,26146,2022,Jun,18,11,19.0
164,26200,2020,Jul,21,12,15.95
165,26295,2022,Jun,19,13,17.7
166,26300,2019,Feb,23,14,15.0
167,26318,2015,Jul,11,14,18.55
168,26354,2017,Apr,24,12,16.35
169,26367,2022,Jul,18,16,20.0
170,27209,2022,Aug,10,13,20.9
171,2A001,2017,Aug,2,13,19.75
172,2A004,2012,Aug,31,16,21.5
173,2A004,2012,Sep,2,16,21.5
174,2A004,2014,Sep,28,18,21.5
175,2A004,2017,Aug,4,11,21.5
176,2A004,2020,Aug,13,11,21.5
177,2A004,2021,Jun,25,15,21.5
178,2A006,2021,Jul,9,18,21.5
179,2A006,2021,Oct,10,12,21.5
180,2A017,2017,Aug,2,12,21.5
181,2A017,2020,Aug,13,16,21.5
182,2A017,2021,Jul,29,17,21.5
183,2A019,2017,Apr,1,19,19.65
184,2A024,2022,Feb,24,17,17.3
185,2A031,2015,Aug,30,12,16.5
186,2A031,2020,Jan,12,15,16.5
187,2A031,2022,Apr,13,12,16.5
188,2A031,2022,Jan,30,16,16.5
189,2A038,2015,Aug,7,13,20.6
190,2A041,2017,Sep,13,22,18.05
191,2A048,2014,Aug,30,13,19.65
192,2A048,2014,Jun,28,14,19.65
193,2A048,2019,Sep,10,11,19.65
194,2A099,2022,Aug,7,16,16.5
195,2A103,2017,Jun,22,14,19.0
196,2A117,2022,Mar,25,18,20.4
197,2A139,2012,Mar,10,14,20.6
198,2A139,2014,Sep,1,2,20.6
199,2A139,2017,Aug,20,3,20.6
200,2A198,2017,Jul,8,10,16.5
201,2A200,2021,Oct,23,16,16.5
202,2A209,2021,Aug,3,15,19.0
203,2A215,2017,Jul,16,13,20.5
204,2A249,2017,Jul,25,10,20.6
205,2A254,2014,Sep,27,12,17.3
206,2A269,2014,Aug,15,16,20.6
207,2A272,2014,Jun,28,14,19.8
208,2A272,2019,Jun,14,10,19.8
209,2A272,2019,Oct,9,14,19.8
210,2A284,2018,Apr,7,17,20.6
211,2A323,2017,Jul,8,12,19.0
212,2A323,2020,Nov,8,11,19.0
213,2A324,2012,Mar,10,13,17.35
214,2A326,2019,Feb,23,19,17.3
215,2A345,2017,Aug,17,14,19.0
216,2B002,2019,Jun,25,10,18.4
217,2B002,2020,Jun,5,14,18.4
218,2B007,2022,Feb,1,15,8.1
219,2B007,2022,Jul,28,16,8.1
220,2B009,2016,Aug,6,14,19.9
221,2B009,2016,Aug,26,12,19.9
222,2B009,2017,Jul,24,10,19.9
223,2B009,2018,Sep,1,14,19.9
224,2B009,2022,Jun,24,12,19.9
225,2B029,2022,Jun,12,11,17.0
226,2B030,2014,May,24,16,18.95
227,2B034,2013,Jun,23,16,19.0
228,2B034,2014,Jun,20,16,19.0
229,2B037,2014,Jul,22,13,17.0
230,2B039,2017,Aug,21,12,18.3
231,2B043,2013,Nov,9,20,18.7
232,2B046,2022,Apr,12,12,18.95
233,2B049,2012,Aug,4,15,20.3
234,2B049,2012,Mar,11,17,20.3
235,2B049,2013,Nov,3,12,20.3
236,2B049,2014,Oct,5,18,20.3
237,2B050,2019,Jul,8,11,20.3
238,2B051,2020,Oct,11,11,17.05
239,2B055,2018,Jan,28,12,18.3
240,2B055,2022,Oct,28,15,18.3
241,2B058,2012,Jun,23,15,18.95
242,2B058,2022,Apr,18,13,18.95
243,2B059,2015,Jul,19,16,21.6
244,2B063,2020,Feb,26,11,20.75
245,2B079,2012,Jul,13,12,18.3
246,2B079,2014,Sep,13,11,18.3
247,2B079,2015,Jul,10,12,18.3
248,2B079,2017,Jul,17,11,18.3
249,2B079,2017,Sep,21,15,18.3
250,2B079,2019,Aug,14,11,18.3
251,2B079,2020,Jul,13,11,18.3
252,2B079,2021,Oct,26,15,18.3
253,2B079,2022,Jul,24,14,18.3
254,2B080,2012,Jul,1,11,18.1
255,2B080,2015,Aug,8,15,18.1
256,2B095,2015,Jul,28,1,17.55
257,2B095,2022,Feb,11,14,17.55
258,2B096,2012,Jun,13,13,10.3
259,2B096,2015,Sep,26,16,10.3
260,2B096,2016,Aug,22,14,10.3
261,2B096,2016,Jun,27,14,10.3
262,2B105,2016,Aug,24,10,20.0
263,2B105,2019,Sep,17,12,20.0
264,2B109,2016,Apr,1,21,17.0
265,2B110,2012,Jul,13,13,20.0
266,2B112,2012,Jul,15,19,19.0
267,2B112,2020,Aug,3,23,19.0
268,2B116,2016,Aug,25,14,18.4
269,2B116,2017,Oct,17,15,18.4
270,2B123,2013,Aug,2,15,19.7
271,2B123,2013,Aug,20,12,19.7
272,2B123,2014,Aug,15,16,19.7
273,2B123,2015,Jun,3,14,19.7
274,2B123,2017,Jun,28,16,19.7
275,2B123,2017,Mar,7,12,19.7
276,2B123,2018,Jan,2,15,19.7
277,2B123,2018,Sep,1,13,19.7
278,2B123,2022,Jun,10,18,19.7
279,2B123,2022,Jun,21,11,19.7
280,2B135,2022,Jan,29,13,18.9
281,2B140,2016,Sep,28,12,21.6
282,2B143,2013,Sep,14,18,19.9
283,2B143,2015,Jul,7,13,19.9
284,2B143,2016,Jul,15,17,19.9
285,2B143,2017,Jul,24,16,19.9
286,2B143,2017,Sep,2,16,19.9
287,2B143,2019,Sep,13,14,19.9
288,2B143,2021,Aug,7,13,19.9
289,2B143,2021,Sep,7,14,19.9
290,2B143,2022,Jun,13,12,19.9
291,2B145,2020,Aug,8,6,20.75
292,2B145,2022,Feb,26,14,20.75
293,2B148,2016,Aug,25,14,19.5
294,2B148,2016,Aug,26,11,19.5
295,2B150,2021,Jul,5,8,20.3
296,2B159,2016,Apr,18,19,18.95
297,2B167,2013,Jul,12,11,20.3
298,2B167,2013,Oct,11,16,20.3
299,2B170,2014,Mar,10,12,18.7
300,2B183,2014,Jun,4,13,18.95
301,2B183,2016,Mar,31,12,18.95
302,2B184,2013,Nov,7,17,18.95
303,2B184,2022,Apr,16,16,18.95
304,2B185,2012,Aug,20,12,20.4
305,2B185,2012,Jul,12,10,20.4
306,2B185,2012,Jul,25,16,20.4
307,2B185,2012,Jul,30,12,20.4
308,2B185,2012,Jul,30,15,20.4
309,2B185,2013,Aug,4,12,20.4
310,2B185,2013,Jul,25,11,20.4
311,2B185,2013,Sep,17,7,20.4
312,2B185,2013,Sep,17,11,20.4
313,2B185,2015,Jul,1,11,20.4
314,2B185,2015,Jul,27,11,20.4
315,2B185,2016,Aug,7,10,20.4
316,2B185,2017,Jun,24,11,20.4
317,2B185,2019,Sep,8,12,20.4
318,2B185,2021,Jul,14,13,20.4
319,2B185,2022,Oct,5,14,20.4
320,2B187,2013,Sep,13,12,17.0
321,2B188,2013,Dec,31,14,20.4
322,2B188,2013,Oct,1,11,20.4
323,2B190,2021,Feb,26,14,19.0
324,2B192,2020,Feb,11,8,18.3
325,2B201,2015,Jul,2,12,18.4
326,2B201,2018,Jan,3,22,18.4
327,2B205,2013,Aug,25,16,17.0
328,2B207,2022,Feb,1,15,20.75
329,2B210,2022,Jan,12,9,20.75
330,2B213,2021,Jan,30,9,18.4
331,2B222,2019,Feb,24,10,17.05
332,2B223,2022,Mar,24,9,18.1
333,2B224,2020,Feb,10,14,18.95
334,2B235,2021,Mar,13,17,19.0
335,2B235,2022,Feb,24,14,19.0
336,2B238,2016,Aug,24,11,20.0
337,2B242,2020,Feb,10,18,20.75
338,2B251,2012,Jan,6,12,18.9
339,2B251,2016,Aug,8,13,18.9
340,2B275,2020,Sep,6,13,17.05
341,2B277,2017,Aug,11,11,18.9
342,2B281,2016,Apr,2,18,18.7
343,2B281,2019,Feb,23,13,18.7
344,2B283,2014,Aug,15,16,19.7
345,2B287,2013,Oct,4,10,18.4
346,2B287,2014,Oct,10,12,18.4
347,2B289,2021,Oct,25,15,20.3
348,2B290,2015,Jul,25,22,19.0
349,2B290,2017,Jul,17,13,19.0
350,2B290,2022,Feb,26,11,19.0
351,2B290,2022,Mar,12,10,19.0
352,2B292,2017,Sep,2,12,20.0
353,2B292,2022,Oct,22,13,20.0
354,2B292,2022,Oct,24,12,20.0
355,2B298,2013,Sep,17,7,20.4
356,2B299,2016,Jan,11,20,20.75
357,2B301,2017,Sep,26,12,18.4
358,2B301,2022,Apr,18,14,18.4
359,2B313,2016,Apr,18,21,20.75
360,2B314,2014,Jul,3,15,18.4
361,2B314,2014,Jul,5,14,18.4
362,2B314,2017,Jul,6,15,18.4
363,2B314,2022,Aug,1,8,18.4
364,2B314,2022,Jun,7,14,18.4
365,2B315,2020,Feb,2,11,20.0
366,2B316,2014,Aug,15,8,19.2
367,2B318,2018,Jan,3,21,20.75
368,2B320,2015,Jun,14,14,19.9
369,2B320,2016,Aug,2,11,19.9
370,2B333,2021,Mar,14,8,20.4
371,2B337,2013,Sep,4,14,33.65
372,2B337,2015,Apr,13,13,33.65
373,2B341,2015,Aug,17,14,16.3
374,2B341,2022,Jul,28,13,16.3
375,2B341,2022,Jun,23,1,16.3
376,2B343,2021,Dec,19,11,19.5
377,2B350,2013,Aug,20,11,18.3
378,2B350,2013,Jun,29,14,18.3
379,2B352,2022,Jun,26,13,19.0
380,2B354,2022,Jun,8,23,16.7
381,2B355,2015,Sep,5,13,18.3
382,2B355,2016,Jul,19,21,18.3
383,2B355,2017,Jul,17,14,18.3
384,2B355,2019,Oct,4,10,18.3
385,2B355,2021,Mar,31,12,18.3
386,2B355,2021,May,17,10,18.3
387,2B361,2015,Jul,30,10,20.3
388,30009,2015,Mar,7,7,16.6
389,30009,2015,Mar,9,19,16.6
390,30017,2020,Sep,4,13,16.6
391,30032,2013,Jul,17,13,20.2
392,30032,2013,Jul,23,21,20.2
393,30033,2013,Sep,1,10,19.7
394,3004,2015,Jul,16,15,16.25
395,30041,2022,Jun,13,15,19.1
396,30042,2018,Aug,4,17,19.2
397,3006,2015,Jul,17,17,15.9
398,30062,2012,Apr,2,14,20.4
399,30081,2017,Aug,12,12,20.1
400,30085,2017,Jun,23,16,18.6
401,30089,2020,Jul,5,9,20.2
402,30090,2012,Feb,9,12,16.4
403,30091,2014,May,13,14,20.4
404,30093,2019,Aug,31,16,20.7
405,30105,2014,Apr,7,23,13.15
406,30105,2017,Aug,29,12,13.15
407,30129,2020,Jul,19,16,19.2
408,30141,2016,Aug,11,16,20.1
409,30145,2022,Jun,13,14,18.6
410,30154,2016,Mar,24,11,18.0
411,30169,2016,Sep,8,11,19.3
412,30169,2020,Aug,1,15,19.3
413,30169,2022,Jul,8,0,19.3
414,30181,2016,Aug,10,13,19.6
415,30189,2017,Jul,25,14,19.5
416,30190,2017,Apr,19,12,17.9
417,30190,2019,Sep,5,13,17.9
418,30193,2021,Jul,9,15,21.2
419,30231,2015,Jul,30,15,12.9
420,30258,2017,Aug,15,16,19.7
421,30295,2022,Jul,24,16,19.1
422,30319,2022,Jun,13,15,19.1
423,30325,2022,Apr,14,14,19.4
424,30337,2022,Jul,24,17,18.6
425,30339,2020,Feb,23,13,17.8
426,30339,2020,Feb,24,15,17.8
427,30351,2017,Jul,26,14,20.1
428,3055,2019,Aug,31,13,15.7
429,31085,2017,Jan,7,13,17.8
430,31222,2017,Apr,22,16,17.9
431,31334,2019,Jul,19,13,18.8
432,31451,2019,Aug,26,21,17.15
433,3155,2020,Sep,18,18,16.7
434,31573,2017,Jul,18,17,20.5
435,31581,2020,Aug,7,15,12.4
436,3217,2015,Jul,21,15,16.8
437,3217,2020,Aug,25,13,16.8
438,33021,2022,May,11,17,18.85
439,33029,2020,Mar,1,15,17.2
440,33029,2020,Sep,16,14,17.2
441,33095,2014,Apr,23,16,18.75
442,33095,2014,Aug,8,15,18.75
443,33104,2015,Mar,17,16,19.4
444,33202,2020,Sep,7,15,20.15
445,33202,2020,Sep,9,14,20.15
446,33202,2020,Sep,18,5,20.15
447,33212,2014,Mar,11,12,19.55
448,33229,2015,Jul,2,7,18.35
449,33230,2013,Mar,4,15,18.6
450,33233,2020,Sep,17,17,18.6
451,33238,2015,Apr,11,6,19.2
452,33251,2019,Apr,15,16,19.0
453,33273,2016,Sep,8,15,19.4
454,33300,2015,Jul,25,16,18.2
455,33322,2022,Jul,17,3,19.1
456,33329,2012,Sep,20,16,18.0
457,33348,2022,Aug,6,19,18.1
458,33376,2021,Aug,31,2,19.4
459,33422,2015,Apr,25,9,19.7
460,33436,2021,Apr,19,15,19.0
461,33498,2019,Aug,2,16,20.0
462,33498,2019,Aug,4,14,20.0
463,33544,2022,Aug,10,6,17.6
464,34003,2015,Jul,19,18,19.55
465,34004,2016,May,5,12,19.9
466,34007,2019,Mar,29,11,19.9
467,34007,2021,Aug,16,19,19.9
468,34013,2017,Jul,13,11,20.6
469,34015,2019,Aug,2,16,19.9
470,34016,2012,Mar,8,7,19.7
471,34016,2020,Aug,6,15,19.7
472,34017,2019,Sep,8,16,20.1
473,34017,2021,Aug,18,12,20.1
474,34019,2015,Jul,20,12,18.4
475,34019,2022,Aug,7,16,18.4
476,34020,2015,Aug,19,18,19.5
477,34025,2014,May,29,16,19.7
478,34026,2013,Sep,19,18,19.5
479,34031,2017,Jul,11,16,19.9
480,34032,2012,Jun,25,15,19.5
481,34032,2016,Jul,13,12,19.5
482,34032,2018,Jul,11,16,19.5
483,34032,2020,Aug,14,17,19.5
484,34036,2018,Aug,6,14,18.9
485,34036,2021,Aug,28,12,18.9
486,34038,2012,Feb,8,16,18.4
487,34040,2021,Mar,24,12,19.6
488,34045,2014,Apr,29,12,20.85
489,34045,2014,Mar,8,16,20.85
490,34045,2019,Sep,18,12,20.85
491,34045,2021,Aug,24,12,20.85
492,34055,2016,Sep,23,10,17.4
493,34055,2016,Sep,24,8,17.4
494,34056,2019,Aug,12,17,20.1
495,34056,2021,Oct,13,18,20.1
496,34061,2012,Aug,28,1,19.6
497,34061,2014,Mar,30,12,19.6
498,34061,2020,Nov,7,10,19.6
499,34073,2016,Sep,5,12,19.9
500,34074,2014,Aug,27,12,18.9
501,34076,2017,Aug,20,19,20.6
502,34087,2022,Jul,10,11,19.3
503,34092,2021,Jan,17,12,20.5
504,34093,2019,Jun,29,12,18.4
505,34093,2021,Oct,12,18,18.4
506,34095,2019,Jul,18,16,19.9
507,34096,2017,Sep,2,1,18.8
508,34103,2015,Jul,12,2,19.7
509,34103,2016,Apr,19,13,19.7
510,34103,2017,Jun,24,22,19.7
511,34113,2014,Jul,31,16,17.9
512,34116,2014,Aug,28,17,19.0
513,34116,2017,Jul,28,14,19.0
514,34118,2022,Jun,17,15,19.8
515,34121,2018,Sep,23,21,13.6
516,34123,2014,May,13,11,19.0
517,34135,2017,Jun,25,18,19.5
518,34135,2021,Jun,7,12,19.5
519,34135,2021,May,30,12,19.5
520,34135,2021,Oct,28,13,19.5
521,34143,2012,Mar,8,14,17.9
522,34143,2019,Jul,26,17,17.9
523,34143,2020,Jul,7,15,17.9
524,34144,2021,Mar,13,17,18.4
525,34145,2016,Jun,27,14,20.4
526,34145,2017,Sep,11,15,20.4
527,34145,2019,Aug,2,16,20.4
528,34147,2013,Sep,1,16,19.6
529,34147,2020,Sep,3,16,19.6
530,34148,2016,Aug,5,14,19.5
531,34156,2022,Jan,23,11,19.6
532,34158,2014,Mar,15,8,19.5
533,34162,2022,Aug,2,15,20.1
534,34163,2016,Jul,10,12,19.3
535,34165,2012,Aug,18,16,19.3
536,34165,2018,Aug,5,15,19.3
537,34165,2018,Oct,2,21,19.3
538,34165,2018,Oct,4,15,19.3
539,34165,2019,Jun,5,14,19.3
540,34165,2021,Aug,16,5,19.3
541,34166,2016,Jun,27,15,19.9
542,34166,2017,Jul,24,12,19.9
543,34166,2019,Aug,3,15,19.9
544,34168,2013,Nov,30,7,20.85
545,34168,2019,Sep,7,6,20.85
546,34169,2012,May,13,15,19.0
547,34170,2014,Feb,23,14,20.5
548,34170,2017,Oct,7,13,20.5
549,34178,2012,Feb,20,15,19.6
550,34178,2014,May,14,14,19.6
551,34178,2021,Mar,11,14,19.6
552,34180,2021,Aug,2,14,20.6
553,34181,2015,Feb,23,16,20.85
554,34181,2017,Aug,5,17,20.85
555,34181,2017,Sep,6,18,20.85
556,34183,2017,Jun,25,12,19.5
557,34183,2021,Aug,18,13,19.5
558,34186,2012,Feb,21,20,19.6
559,34186,2021,Oct,10,12,19.6
560,34190,2014,Mar,15,20,19.5
561,34197,2020,Jul,8,14,20.85
562,34200,2018,Feb,26,20,20.85
563,34205,2019,Sep,4,14,13.6
564,34206,2021,Jun,7,10,19.5
565,34209,2022,Jul,20,11,19.9
566,34210,2019,Oct,6,17,20.6
567,34211,2017,Oct,5,14,18.8
568,34213,2017,Oct,8,16,17.9
569,34213,2018,Jul,10,16,17.9
570,34213,2019,Jul,30,21,17.9
571,34213,2021,Aug,26,11,17.9
572,34214,2017,Jul,6,12,19.7
573,34214,2021,Mar,21,10,19.7
574,34214,2022,Jan,28,16,19.7
575,34218,2013,Jul,25,10,18.9
576,34221,2022,Jul,26,21,19.7
577,34225,2014,Oct,24,3,19.5
578,34225,2016,Jul,19,14,19.5
579,34226,2014,Sep,26,13,20.5
580,34226,2018,Sep,24,10,20.5
581,34226,2020,Jul,14,15,20.5
582,34230,2022,Jul,28,13,15.7
583,34232,2018,Aug,4,15,18.9
584,34232,2020,Sep,25,16,18.9
585,34235,2012,Feb,22,21,17.4
586,34235,2016,Oct,10,13,17.4
587,34235,2017,Sep,12,18,17.4
588,34235,2019,Mar,29,14,17.4
589,34235,2019,Sep,15,12,17.4
590,34235,2022,Aug,7,16,17.4
591,34237,2015,Jul,25,12,19.7
592,34237,2017,Jun,11,10,19.7
593,34242,2015,Aug,8,14,19.8
594,34268,2019,Aug,8,11,18.9
595,34268,2021,Aug,19,12,18.9
596,34268,2022,Jun,17,16,18.9
597,34279,2022,Mar,24,17,18.8
598,34281,2013,Sep,20,5,19.7
599,34281,2017,Oct,6,5,19.7
600,34281,2018,Sep,14,5,19.7
601,34281,2019,Sep,5,17,19.7
602,34281,2019,Sep,6,6,19.7
603,34285,2016,Aug,10,16,20.1
604,34285,2022,Jul,5,18,20.1
605,34286,2012,Mar,10,14,16.9
606,34286,2015,Jun,28,15,16.9
607,34286,2018,Feb,25,14,16.9
608,34289,2013,Nov,14,14,20.1
609,34291,2016,Sep,11,1,13.3
610,34295,2022,Jul,1,16,19.9
611,34302,2014,Aug,1,16,19.5
612,34302,2014,Aug,29,12,19.5
613,34302,2015,Aug,12,13,19.5
614,34305,2013,Apr,25,15,15.3
615,34308,2019,Sep,6,17,18.8
616,34313,2014,Sep,6,15,20.6
617,34316,2012,Feb,23,15,18.9
618,34318,2022,Aug,6,15,20.7
619,34319,2015,Jul,2,11,20.85
620,34323,2013,Aug,27,18,20.85
621,34328,2021,Aug,1,13,19.7
622,34329,2019,Sep,4,16,19.5
623,34329,2022,Jul,26,18,19.5
624,34332,2018,Oct,3,14,19.9
625,34332,2021,Sep,27,15,19.9
626,34339,2012,Jun,23,14,19.9
627,34339,2015,Jan,11,14,19.9
628,34341,2012,Mar,9,15,17.9
629,34341,2014,Aug,23,21,17.9
630,34341,2017,Jan,21,23,17.9
631,34341,2019,Jul,15,19,17.9
632,34341,2021,Mar,29,11,17.9
633,35152,2015,Mar,23,14,21.6
634,35211,2022,Jul,18,10,16.9
635,38138,2012,Mar,2,16,17.0
636,38140,2019,Feb,15,13,13.05
637,38294,2019,Jul,16,16,16.8
638,38523,2012,Mar,26,11,15.3
639,38527,2022,Jun,18,18,4.7
640,38545,2022,Aug,11,14,19.0
641,39086,2015,Apr,12,13,16.95
642,39289,2019,Mar,27,14,16.95
643,39377,2019,Jul,17,11,15.8
644,39478,2019,Mar,27,14,13.9
645,39557,2019,Feb,25,17,16.95
646,40006,2020,Aug,12,15,19.6
647,4004,2019,Jul,25,13,18.3
648,40040,2012,Feb,28,14,20.2
649,40046,2014,Oct,2,14,16.9
650,40053,2022,Mar,26,15,19.3
651,40060,2020,Aug,13,20,18.45
652,4008,2017,Sep,17,12,16.8
653,40087,2022,Aug,25,17,19.2
654,40123,2022,Sep,12,15,19.1
655,4013,2020,Nov,21,6,18.3
656,40142,2022,Aug,2,14,19.75
657,40142,2022,Oct,20,14,19.75
658,40149,2015,Apr,15,12,17.35
659,40167,2015,Apr,30,16,18.45
660,40167,2017,Feb,21,14,18.45
661,40167,2022,Sep,6,17,18.45
662,4018,2022,Apr,18,12,16.75
663,40184,2012,Aug,16,15,18.1
664,40184,2021,Aug,28,15,18.1
665,4019,2022,Mar,26,14,15.4
666,4020,2017,Feb,16,11,17.05
667,4020,2017,Feb,25,13,17.05
668,40217,2022,Jul,5,16,16.9
669,4023,2013,Mar,4,0,17.05
670,4023,2017,Mar,17,11,17.05
671,4024,2017,Feb,22,15,15.8
672,40243,2018,Sep,11,13,19.75
673,40244,2014,Jun,28,15,19.1
674,40287,2022,Aug,16,15,18.0
675,40296,2020,Aug,3,16,20.35
676,40307,2022,Aug,12,19,18.45
677,40319,2020,Aug,16,12,20.3
678,40332,2015,Jul,28,14,19.25
679,4039,2012,Feb,29,15,19.3
680,4039,2022,Feb,10,15,19.3
681,4045,2019,Jul,13,16,18.8
682,4061,2022,Jan,17,11,13.7
683,4070,2012,Jun,22,14,18.5
684,4070,2017,Aug,23,16,18.5
685,4070,2020,Aug,24,15,18.5
686,4074,2019,Mar,12,14,18.5
687,4086,2022,Feb,8,11,15.4
688,4090,2022,Jan,16,13,16.8
689,4093,2012,Feb,19,13,17.05
690,4094,2020,Aug,6,17,18.3
691,4097,2014,Mar,18,14,18.5
692,41018,2014,Sep,11,19,17.4
693,41041,2019,Jul,17,16,16.9
694,41043,2015,Jul,1,14,16.7
695,41087,2015,Jul,10,12,16.1
696,41088,2019,Jul,25,16,16.9
697,4113,2019,Aug,10,12,18.5
698,41130,2015,Jul,16,16,15.4
699,41186,2015,Jul,22,14,22.4
700,41193,2022,Jul,11,14,16.9
701,4120,2017,Oct,5,13,4.9
702,41248,2019,Jul,22,16,15.8
703,41250,2019,Jul,22,15,16.1
704,41275,2019,Jul,4,15,22.4
705,41275,2022,Jun,18,12,22.4
706,4139,2017,Mar,17,19,20.0
707,4144,2019,Feb,28,17,19.3
708,4148,2017,Sep,22,13,16.3
709,4156,2012,Jul,26,15,20.1
710,4160,2017,Jul,18,14,16.75
711,4163,2012,Jul,18,18,15.25
712,4170,2020,Feb,7,14,20.0
713,4170,2022,Apr,8,13,20.0
714,4171,2017,Aug,11,8,19.3
715,4179,2022,Jul,19,16,17.5
716,4193,2016,Dec,27,13,5.0
717,4194,2015,Apr,1,12,20.0
718,4199,2020,Aug,7,15,20.0
719,42021,2022,Jun,17,13,17.7
720,4204,2019,Mar,1,9,23.65
721,4209,2022,Feb,9,14,19.05
722,4217,2013,Mar,4,13,19.3
723,4218,2017,Feb,25,16,17.85
724,4229,2012,Feb,23,12,19.05
725,42326,2015,Aug,31,13,9.55
726,43012,2019,Mar,30,17,14.25
727,43082,2018,Apr,21,12,17.5
728,43155,2017,Aug,14,22,13.5
729,43156,2020,Sep,18,13,9.2
730,43157,2022,Aug,12,17,16.5
731,43171,2017,Feb,23,15,13.5
732,43192,2012,Feb,28,13,16.45
733,43220,2013,Sep,4,14,13.5
734,43246,2020,Apr,15,12,17.25
735,45015,2017,Jul,21,13,16.1
736,45032,2015,Jul,16,14,19.4
737,45092,2015,Aug,2,18,16.3
738,45098,2020,Jul,27,13,15.7
739,45315,2020,Jul,7,16,17.65
740,46040,2022,Mar,23,12,18.8
741,46072,2020,Sep,10,16,17.6
742,46079,2022,Jul,10,17,17.35
743,46176,2018,Aug,6,12,20.3
744,46183,2016,Aug,16,21,18.8
745,47039,2022,Jul,19,21,19.4
746,47186,2019,Jul,14,15,19.8
747,47215,2018,Mar,22,14,19.65
748,47234,2016,Sep,13,19,19.5
749,48004,2016,Apr,20,11,14.1
750,48008,2017,Mar,16,11,11.55
751,48015,2019,Feb,16,10,15.9
752,48015,2022,Aug,12,17,15.9
753,48020,2017,Feb,26,15,12.9
754,48022,2012,Mar,16,15,20.2
755,48022,2015,Mar,9,13,20.2
756,48022,2022,Jul,20,16,20.2
757,48028,2022,Aug,5,18,14.35
758,48040,2022,Mar,7,19,12.4
759,48049,2022,Mar,6,19,20.2
760,48050,2022,Sep,18,15,14.35
761,48061,2019,Feb,27,15,14.35
762,48065,2019,Feb,27,14,14.4
763,48070,2012,Apr,28,18,12.2
764,48074,2015,Jul,31,15,13.8
765,48075,2021,Apr,1,20,6.5
766,48075,2021,Aug,27,17,6.5
767,48096,2017,Aug,5,15,14.4
768,48097,2012,Mar,1,11,15.85
769,48098,2020,Apr,15,12,12.9
770,48100,2017,Jan,7,15,14.9
771,48115,2018,Sep,25,15,12.9
772,48116,2015,Mar,11,12,13.55
773,48116,2020,Feb,23,17,13.55
774,48116,2022,Jan,27,14,13.55
775,48119,2012,Feb,21,14,14.1
776,48119,2019,Mar,17,11,14.1
777,48119,2020,Sep,7,15,14.1
778,48119,2021,Apr,7,16,14.1
779,48119,2022,Jan,26,15,14.1
780,48122,2015,Jul,1,8,20.2
781,48130,2017,Aug,21,14,15.5
782,48145,2022,Mar,1,11,8.4
783,48146,2022,Jul,19,13,18.5
784,48148,2012,Feb,15,15,18.85
785,48148,2022,Aug,2,17,18.85
786,48162,2018,Feb,24,20,14.35
787,48162,2019,Feb,27,15,14.35
788,48165,2017,Feb,26,14,12.4
789,48166,2016,Mar,26,14,14.35
790,48166,2019,Feb,28,15,14.35
791,48168,2021,Apr,2,17,20.2
792,48172,2014,Mar,18,14,13.55
793,48178,2020,Mar,18,12,24.2
794,48186,2012,Feb,26,14,20.2
795,48194,2016,Mar,26,14,16.4
796,48194,2019,Jul,31,14,16.4
797,48198,2019,Feb,13,15,15.9
798,49154,2019,Aug,4,14,21.05
799,49180,2019,Aug,14,12,17.55
800,5004,2022,Mar,24,10,14.6
801,50041,2022,Jul,17,2,13.6
802,50041,2022,Jul,17,23,13.6
803,5024,2012,Aug,27,13,16.9
804,5033,2012,Mar,11,13,18.6
805,5038,2017,Apr,25,13,10.8
806,50403,2019,Mar,27,13,15.45
807,5055,2020,Aug,10,15,16.5
808,5077,2021,May,8,15,3.5
809,5090,2022,Mar,26,14,14.5
810,5101,2017,Jan,5,13,2.0
811,5108,2017,Feb,23,15,16.2
812,5123,2019,Aug,14,5,17.4
813,5164,2016,Dec,1,11,16.2
814,52205,2019,Jul,25,15,15.5
815,54156,2022,Aug,12,13,15.7
816,54244,2022,Jul,19,12,16.2
817,54305,2015,Apr,19,13,15.0
818,54490,2015,Jul,23,15,14.0
819,55574,2019,Jul,22,17,14.4
820,56054,2022,Aug,6,16,18.65
821,56126,2022,Aug,8,11,16.4
822,56132,2022,Aug,7,3,16.1
823,56233,2022,Aug,6,13,16.6
824,58003,2012,Mar,27,21,14.1
825,58081,2016,Aug,30,12,16.1
826,58087,2019,Jul,30,19,16.4
827,58102,2022,Aug,10,13,17.25
828,58102,2022,Jul,9,20,17.25
829,58107,2020,Aug,27,18,16.2
830,58226,2019,Sep,20,14,16.9
831,58270,2020,Sep,14,15,15.6
832,58304,2022,Jul,11,16,16.9
833,6002,2022,Aug,6,17,12.85
834,6013,2014,Mar,19,15,16.3
835,6013,2019,Mar,26,0,16.3
836,60182,2022,Jul,19,14,16.2
837,6023,2015,Apr,11,15,19.8
838,6034,2017,Jul,17,14,20.6
839,6042,2012,Jan,17,13,15.0
840,6049,2016,Mar,9,15,15.2
841,6050,2017,Feb,21,14,15.2
842,6050,2017,Sep,17,10,15.2
843,6057,2012,Feb,20,13,16.9
844,6062,2018,Mar,25,15,17.4
845,6066,2017,Oct,7,6,16.4
846,6070,2019,Jan,12,11,12.4
847,6070,2020,Feb,11,11,12.4
848,6073,2021,Aug,26,12,8.15
849,6074,2014,Mar,17,10,19.8
850,6074,2015,Apr,2,12,19.8
851,6074,2015,Jan,4,12,19.8
852,6074,2015,Jan,12,18,19.8
853,6074,2016,Apr,12,15,19.8
854,6074,2016,May,28,22,19.8
855,6074,2017,Jan,13,17,19.8
856,6074,2018,Apr,19,19,19.8
857,6074,2019,Feb,25,12,19.8
858,6077,2017,Jan,6,11,12.5
859,6077,2017,Sep,20,19,12.5
860,6077,2022,Jul,31,17,12.5
861,6082,2014,Apr,9,13,16.55
862,6098,2016,Apr,12,10,18.3
863,61002,2022,Jun,12,15,15.65
864,6101,2017,Aug,3,11,13.9
865,61020,2022,Aug,8,10,21.9
866,61024,2022,Jul,19,14,15.7
867,61026,2022,Aug,10,14,16.2
868,6103,2015,Apr,3,17,17.6
869,6103,2015,Apr,15,13,17.6
870,6103,2016,Dec,29,13,17.6
871,6103,2020,Mar,22,11,17.6
872,6103,2020,Mar,22,13,17.6
873,61037,2022,Jul,30,14,16.1
874,6104,2022,Sep,9,23,13.4
875,61040,2022,Aug,12,13,15.8
876,61050,2022,Jul,17,15,19.35
877,61050,2022,Jun,14,16,19.35
878,61061,2022,Jul,27,13,16.2
879,61067,2022,Jul,19,0,14.6
880,61067,2022,Jul,24,21,14.6
881,61081,2022,Jul,11,15,15.4
882,61092,2022,Aug,7,13,14.9
883,61117,2022,Sep,4,13,15.1
884,61145,2022,Aug,11,13,20.9
885,61145,2022,Jul,17,15,20.9
886,61158,2022,Jul,18,12,15.2
887,6116,2012,Mar,16,10,15.3
888,61193,2022,Jun,12,18,14.9
889,61206,2022,Aug,9,18,15.2
890,61230,2022,Aug,25,12,19.35
891,61230,2022,Jul,26,19,19.35
892,61234,2022,Jun,12,15,15.1
893,61240,2022,Jul,19,14,17.0
894,61244,2022,Mar,25,17,14.6
895,61248,2022,Jul,16,19,15.95
896,61263,2022,Aug,10,12,16.2
897,6130,2017,Jul,24,15,16.6
898,6130,2020,Feb,11,6,16.6
899,61309,2022,Jul,15,14,15.55
900,6132,2014,Dec,29,5,19.8
901,6132,2015,Apr,11,14,19.8
902,61329,2022,Aug,12,11,16.1
903,61346,2022,Aug,24,14,16.25
904,61375,2022,Jul,12,11,14.7
905,61397,2022,Aug,23,14,15.1
906,61407,2022,Aug,10,17,15.2
907,61413,2022,Sep,19,15,15.65
908,61418,2022,Jul,26,17,15.2
909,6142,2016,Mar,26,14,17.55
910,61421,2022,Jul,15,14,15.5
911,61429,2022,Jul,26,14,15.2
912,61435,2022,Aug,25,15,14.9
913,61440,2022,Jul,21,19,14.9
914,61440,2022,Jul,25,18,14.9
915,61445,2022,Jul,8,17,15.15
916,61447,2022,Jul,30,18,15.15
917,61457,2022,Jul,8,17,14.9
918,6146,2017,Apr,7,13,16.5
919,61460,2022,Aug,5,18,14.95
920,61461,2022,Jul,19,15,15.1
921,61475,2022,Aug,27,15,15.2
922,6148,2019,Jan,27,11,18.5
923,61486,2022,Jul,18,19,14.3
924,61490,2022,Aug,12,15,15.8
925,6153,2013,Dec,13,14,4.1
926,6153,2019,Mar,4,15,4.1
927,6153,2022,Feb,26,14,4.1
928,6153,2022,Mar,24,10,4.1
929,6156,2017,Feb,26,10,17.6
930,6157,2017,Jan,25,14,20.25
931,6157,2017,Jul,3,17,20.25
932,6157,2021,Jul,14,12,20.25
933,6162,2015,Mar,12,9,19.1
934,6163,2021,Apr,7,12,19.1
935,6163,2022,Sep,19,11,19.1
936,63006,2021,Feb,25,13,11.9
937,63006,2021,Mar,6,14,11.9
938,64067,2020,Sep,17,13,20.4
939,64124,2019,Mar,3,10,20.4
940,64217,2022,Oct,28,19,19.2
941,64218,2019,Feb,16,12,19.2
942,64218,2019,Feb,17,7,19.2
943,64223,2020,Feb,24,14,14.3
944,64233,2022,Sep,14,16,24.9
945,64255,2019,Mar,3,15,20.4
946,64276,2019,Mar,3,14,17.1
947,64298,2019,Mar,3,17,16.55
948,64342,2019,Feb,22,14,19.4
949,64477,2019,Feb,27,11,16.25
950,64504,2019,Feb,16,18,18.5
951,64559,2020,Sep,18,13,21.4
952,65032,2019,Mar,16,21,14.2
953,65045,2017,Mar,17,13,14.2
954,65066,2013,Apr,14,14,21.4
955,65295,2022,Feb,8,14,23.5
956,65352,2014,Mar,20,14,18.9
957,65428,2019,Jan,4,8,16.1
958,66002,2021,Aug,28,19,19.3
959,66003,2017,Feb,22,14,20.6
960,66004,2012,Jul,4,10,12.3
961,66005,2012,Aug,24,13,12.6
962,66008,2015,Jun,26,18,17.95
963,66008,2016,Aug,13,15,17.95
964,66008,2019,Jul,15,13,17.95
965,66011,2017,Sep,2,12,19.2
966,66012,2021,Jul,19,13,19.45
967,66014,2015,Mar,13,12,19.45
968,66014,2017,Aug,7,13,19.45
969,66014,2022,Jun,12,14,19.45
970,66015,2020,Aug,23,0,20.9
971,66016,2012,Mar,25,12,17.95
972,66016,2013,Oct,9,10,17.95
973,66016,2016,Sep,24,15,17.95
974,66016,2017,Nov,6,11,17.95
975,66016,2019,Sep,5,5,17.95
976,66017,2020,Jul,4,13,19.3
977,66021,2012,Jul,16,13,19.3
978,66024,2017,Jul,18,17,20.9
979,66030,2012,Aug,14,10,19.5
980,66030,2015,Aug,19,14,19.5
981,66030,2016,Aug,22,8,19.5
982,66030,2016,Jul,5,4,19.5
983,66030,2016,Jun,25,11,19.5
984,66030,2016,Sep,9,14,19.5
985,66030,2020,Aug,21,14,19.5
986,66041,2022,Jun,28,18,19.45
987,66046,2022,Aug,15,2,19.4
988,66048,2013,Feb,3,16,17.95
989,66048,2016,Mar,8,13,17.95
990,66048,2021,Jul,31,16,17.95
991,66049,2020,Aug,5,17,20.6
992,66053,2017,Jun,19,18,17.95
993,66056,2012,Jun,25,14,19.5
994,66058,2015,Jul,21,11,19.5
995,66065,2018,Sep,4,16,19.3
996,66066,2017,Mar,15,17,12.6
997,66069,2012,Aug,12,4,19.45
998,66069,2017,Oct,12,12,19.45
999,66069,2020,Mar,13,0,19.45
1000,66069,2021,Apr,6,5,19.45
1001,66071,2016,Jul,16,15,19.5
1002,66071,2020,Jul,10,16,19.5
1003,66072,2012,Feb,29,15,14.7
1004,66072,2014,Mar,19,15,14.7
1005,66076,2015,Jun,25,16,19.4
1006,66080,2013,Apr,23,11,11.3
1007,66088,2012,Jun,25,17,20.1
1008,66088,2012,Sep,10,2,20.1
1009,66088,2019,Aug,22,12,20.1
1010,66093,2020,Jul,17,16,19.3
1011,66093,2022,Jun,23,14,19.3
1012,66106,2016,Jul,18,12,19.3
1013,66108,2014,Sep,17,17,19.5
1014,66108,2017,Sep,5,14,19.5
1015,66108,2019,Jul,16,14,19.5
1016,66108,2022,Jun,29,15,19.5
1017,66119,2020,Feb,24,12,16.15
1018,66121,2021,Jul,18,15,20.1
1019,66127,2015,Sep,1,23,19.8
1020,66127,2022,May,18,13,19.8
1021,66130,2017,Feb,16,16,14.7
1022,66134,2019,Apr,12,11,19.2
1023,66136,2013,Oct,23,14,19.45
1024,66136,2015,Jul,28,17,19.45
1025,66136,2018,Jul,8,16,19.45
1026,66137,2012,Jul,22,13,19.3
1027,66138,2017,Jul,17,14,19.45
1028,66140,2016,Jul,5,12,19.5
1029,66141,2012,Jul,28,16,19.45
1030,66141,2022,Aug,7,14,19.45
1031,66143,2016,Jun,21,16,32.7
1032,66145,2013,Sep,20,3,19.2
1033,66145,2019,Jul,15,1,19.2
1034,66147,2012,Jul,18,15,12.6
1035,66148,2021,Jun,16,9,17.95
1036,66148,2022,Sep,3,2,17.95
1037,66150,2012,Nov,13,10,11.4
1038,66156,2019,Mar,6,12,16.15
1039,66164,2016,Jul,27,14,19.45
1040,66164,2022,Jun,28,11,19.45
1041,66168,2019,Jul,16,13,20.9
1042,66172,2020,Jul,7,10,19.45
1043,66174,2021,Jun,14,12,19.5
1044,66176,2020,Aug,3,19,19.3
1045,66179,2012,Mar,24,13,17.0
1046,66180,2016,Jul,13,14,19.3
1047,66182,2019,May,30,15,19.3
1048,66186,2013,Aug,10,13,19.3
1049,66190,2014,Feb,13,19,25.2
1050,66190,2014,Jun,14,16,25.2
1051,66190,2016,Oct,11,11,25.2
1052,66190,2018,Jul,11,13,25.2
1053,66190,2018,Jun,18,1,25.2
1054,66190,2018,Sep,24,21,25.2
1055,66190,2021,Aug,20,15,25.2
1056,66192,2016,Sep,28,14,11.3
1057,66193,2022,Jul,23,14,18.15
1058,66205,2013,Aug,24,17,17.65
1059,66205,2015,Jul,14,16,17.65
1060,66205,2015,Jul,29,17,17.65
1061,66205,2016,Aug,1,17,17.65
1062,66205,2019,Jul,5,14,17.65
1063,66205,2021,Aug,26,12,17.65
1064,66207,2012,Jun,25,14,19.5
1065,66212,2016,Aug,6,18,19.3
1066,66212,2019,May,30,13,19.3
1067,66214,2012,Aug,17,13,19.2
1068,66214,2022,Jul,30,21,19.2
1069,66215,2015,Aug,20,13,20.55
1070,66215,2015,Jul,20,16,20.55
1071,66224,2019,Aug,14,17,19.3
1072,66227,2012,Sep,13,20,19.45
1073,66227,2019,Jul,15,13,19.45
1074,66228,2018,Jul,20,14,19.45
1075,7003,2014,Mar,13,14,18.2
1076,7012,2018,Apr,21,16,12.85
1077,7018,2016,Sep,24,22,13.95
1078,7028,2022,Sep,1,11,19.8
1079,7038,2012,Aug,21,17,10.9
1080,7040,2022,Jun,20,17,14.5
1081,7045,2012,Mar,27,16,16.4
1082,7077,2019,Mar,24,10,15.2
1083,7077,2022,Jul,27,10,15.2
1084,7085,2022,Aug,10,14,14.5
1085,7086,2017,Aug,26,17,16.7
1086,7093,2022,Jan,26,12,18.2
1087,7098,2019,Feb,28,17,15.1
1088,7112,2015,Nov,20,13,18.2
1089,7114,2012,Mar,3,10,13.0
1090,7115,2020,Sep,18,14,19.75
1091,7121,2019,Mar,4,15,10.5
1092,7129,2022,Aug,13,11,14.5
1093,7134,2022,Jul,22,16,18.2
1094,7136,2012,Mar,15,17,13.95
1095,7139,2017,Mar,18,14,18.2
1096,7141,2017,Apr,15,20,14.9
1097,7147,2012,Aug,21,7,18.7
1098,7147,2012,May,17,18,18.7
1099,7153,2012,Mar,28,20,19.6
1100,7153,2017,Mar,21,17,19.6
1101,7161,2022,Aug,28,0,16.4
1102,7187,2021,Apr,8,12,14.9
1103,7194,2012,Mar,2,17,20.3
1104,7200,2022,Feb,26,16,10.8
1105,7202,2012,Mar,15,15,18.7
1106,7202,2016,Mar,15,17,18.7
1107,7202,2022,Jan,20,17,18.7
1108,7210,2012,Feb,22,17,17.2
1109,7210,2014,Mar,19,11,17.2
1110,7226,2022,Feb,18,16,11.5
1111,7251,2017,Jan,7,15,18.2
1112,7251,2021,Apr,1,10,18.2
1113,7258,2015,Jul,14,22,11.3
1114,7263,2012,Mar,3,14,15.1
1115,7266,2012,Feb,23,13,15.9
1116,7286,2015,Apr,10,11,15.2
1117,73019,2015,Apr,9,16,16.6
1118,7315,2020,Feb,15,20,16.0
1119,7315,2022,Jan,16,16,16.0
1120,73211,2015,Jul,7,12,17.8
1121,7322,2014,Mar,12,16,14.1
1122,7323,2015,Jul,7,2,20.2
1123,73235,2017,Feb,23,16,21.7
1124,7330,2022,Jul,18,14,19.2
1125,7334,2013,Sep,19,15,19.5
1126,77186,2020,Aug,7,12,16.7
1127,79016,2022,Jul,10,12,17.3
1128,79111,2022,Jun,15,13,17.8
1129,79153,2019,Jul,7,19,17.8
1130,79154,2020,Aug,4,11,17.8
1131,79168,2015,Aug,19,12,17.05
1132,79195,2022,Jun,27,15,19.45
1133,79246,2020,Jul,30,17,18.4
1134,79280,2015,Jul,11,18,19.45
1135,81004,2015,Jul,3,13,18.6
1136,81016,2019,Sep,15,5,17.6
1137,81027,2022,Jul,30,17,17.15
1138,81066,2016,Sep,5,15,14.0
1139,81073,2022,Jun,19,14,18.8
1140,81163,2017,Aug,29,23,14.0
1141,81243,2022,Jun,18,12,18.6
1142,81325,2022,Jun,18,19,17.6
1143,82038,2013,Apr,17,16,18.9
1144,82131,2020,Jul,13,14,25.4
1145,82187,2020,Aug,10,14,19.4
1146,83003,2019,Jul,2,11,16.1
1147,83003,2020,Feb,19,11,16.1
1148,83007,2012,Mar,28,17,18.7
1149,83044,2022,Apr,9,16,16.1
1150,83059,2018,Apr,27,14,19.8
1151,83061,2015,Jul,27,13,17.1
1152,83061,2017,Sep,1,16,17.1
1153,83064,2016,Jul,15,16,19.8
1154,83069,2016,Jul,14,18,20.8
1155,83069,2019,Jun,14,14,20.8
1156,83076,2022,Jul,31,13,19.5
1157,83082,2019,Jul,5,15,16.1
1158,83099,2012,Aug,31,14,20.6
1159,83101,2017,Jun,7,13,18.4
1160,83107,2019,Aug,19,14,20.6
1161,83114,2012,May,5,17,20.1
1162,83119,2017,Jul,24,21,18.8
1163,83124,2021,Jun,30,15,19.75
1164,83124,2022,Jun,11,12,19.75
1165,83137,2019,Jul,18,13,19.4
1166,83140,2013,Apr,13,14,19.5
1167,83142,2017,Oct,8,14,16.1
1168,83150,2012,Jul,11,14,20.4
1169,83153,2019,Jul,29,12,17.8
1170,84030,2016,Aug,27,16,20.1
1171,84034,2016,Mar,23,12,19.1
1172,84035,2019,Jul,23,15,19.2
1173,84050,2017,Aug,13,16,18.05
1174,84079,2021,Apr,7,14,16.3
1175,84084,2017,Aug,11,17,18.7
1176,84089,2019,Sep,8,16,19.9
1177,84091,2022,Jul,1,14,20.1
1178,84129,2015,Jul,12,18,20.8
1179,84147,2015,Aug,6,19,19.75
1180,86086,2022,Jul,18,19,17.1
1181,87064,2020,Aug,11,21,15.7
1182,87150,2021,Apr,3,16,17.0
1183,89021,2020,Jul,13,15,15.9
1184,89044,2020,Sep,14,17,16.2
1185,89368,2021,Apr,21,19,15.6
1186,89419,2020,Sep,15,17,16.45
1187,97408,2020,Oct,31,14,23.9
1188,97410,2017,Sep,16,9,21.2
1189,97411,2012,Oct,27,11,25.0
1190,97411,2012,Sep,16,11,25.0
1191,97415,2017,Nov,3,4,20.0
1192,97415,2021,Aug,3,17,20.0
1193,97415,2021,Oct,2,7,20.0
1194,97417,2015,Oct,23,12,26.6
1195,97423,2022,Dec,19,8,18.9
1196,97603,2022,Oct,23,0,30.2
1197,97606,2022,Nov,6,0,31.0
